birth_place,discipline,Count
BUENOS AIRES,Hockey,15
BUDAPEST,Water Polo,14
BELGRADE,Water Polo,13
LONDON,Athletics,11
XUZHOU,Swimming,10
"WOLLONGONG, NSW",Swimming,10
"REDCLIFFE, QLD",Swimming,9
OSLO,Handball,9
BUDAPEST,Canoe Sprint,9
"WASHINGTON, DC",Swimming,8
"LAKEVILLE, MN",Swimming,8
"LAUNCESTON, TAS",Swimming,8
KINGSTON,Athletics,8
"GREEN COVE SPRINGS, FL",Swimming,8
"ADELAIDE, SA",Swimming,8
BARCELONA,Water Polo,7
KOBE,Judo,7
WENZHOU,Swimming,7
GLASGOW,Swimming,7
SANTO DOMINGO,Baseball/Softball,7
"BRISBANE, QLD",Swimming,7
MOSCOW,Artistic Swimming,7
LUYKSGESTEL,Cycling Track,6
SEOUL,Short Track Speed Skating,6
"NEW YORK, NY",Swimming,6
"SAINT PAUL, MN",Artistic Gymnastics,6
ADAMA,Athletics,6
"PALOS HEIGHTS, IL",Swimming,6
SAO PAULO,Football,6
OSLO,Cross-Country Skiing,6
TOKYO,Judo,6
"COLUMBUS, OH",Artistic Gymnastics,6
ZIBO,Swimming,6
GUARULHOS,Artistic Gymnastics,6
"ATLANTA, GA",Athletics,6
TAURANGA,Canoe Sprint,6
BLANTYRE,Swimming,6
SHIJIAZHUANG,Table Tennis,5
MAKUBETSU,Speed Skating,5
DUBROVNIK,Water Polo,5
"NASHVILLE, TN",Swimming,5
"FAIRFAX, VA",Swimming,5
SHENZHEN,Artistic Swimming,5
MARSEILLE,Canoe Slalom,5
BEIJING,Artistic Gymnastics,5
YIBIN,Artistic Gymnastics,5
ARENDAL,Biathlon,5
CLAMART,Judo,5
HELSINKI,Ice Hockey,5
TOULOUSE,Swimming,5
CATANIA,Fencing,5
"TAMPA, FL",Swimming,5
LYON,Fencing,5
MOSCOW,Figure Skating,5
"SYDNEY, NSW",Water Polo,5
THIENE,Swimming,5
CHAMPAGNOLE,Biathlon,5
STRYN,Biathlon,5
SOUTH BRISBANE,Swimming,5
PODYVOT?YE,Cross-Country Skiing,5
IWATA,Table Tennis,5
PARIS,Handball,5
OULU,Cross-Country Skiing,5
BUDAPEST,Fencing,5
"OTTAWA, ON",Speed Skating,5
JALANDHAR,Hockey,5
AMRITSAR,Hockey,5
LJUBLJANA,Ski Jumping,5
LONDON,Swimming,5
MADRID,Football,5
LISIEUX,Basketball,4
"MOUNT VERNON, NY",Athletics,4
AALBORG,Handball,4
MOSCOW,Ice Hockey,4
KIRUNA,Biathlon,4
SEVRES,Basketball,4
HELSINGOR,Handball,4
KHARKIV,Artistic Swimming,4
SEVELEN,Equestrian,4
"SCARBOROUGH, ON",Athletics,4
SANTIAGO DE CUBA,Athletics,4
BURY,Swimming,4
SABADELL,Water Polo,4
SABADELL,Handball,4
BUENOS AIRES,Volleyball,4
NARITA,Artistic Gymnastics,4
BUENOS AIRES,Rugby Sevens,4
GRONINGEN,Short Track Speed Skating,4
NAGASAKI,Judo,4
INNSBRUCK,Luge,4
EGER,Water Polo,4
ZVOLEN,Ice Hockey,4
ZAGREB,Rowing,4
ENFIELD,Equestrian,4
BLUDENZ,Alpine Skiing,4
BUDAPEST,Swimming,4
JOHANNESBURG,Swimming,4
AMERSFOORT,Athletics,4
MOGADISHU,Athletics,4
"WINDSOR, ON",Swimming,4
PARIS,Judo,4
LONDON,Triathlon,4
PARIS,Rugby Sevens,4
LONDON,Diving,4
CARDIFF,Cycling Track,4
"PERTH, WA",Swimming,4
HARBIN,Short Track Speed Skating,4
VOLGOGRAD,Handball,4
QINGDAO,Table Tennis,4
"VALENCIA, CA",Swimming,4
CASABLANCA,Football,4
GUANGZHOU,Table Tennis,4
UTTOXETER,Swimming,4
TRONDHEIM,Nordic Combined,4
OKAYAMA,Artistic Gymnastics,4
BELO HORIZONTE,Volleyball,4
KOSICE,Ice Hockey,4
"TORONTO, ON",Swimming,4
TOLEDO,Handball,4
BUDAPEST,Short Track Speed Skating,4
BAGNOLET,Judo,4
ATHENS,Water Polo,4
RENNES,Judo,4
AMSTERDAM,Rowing,4
TAIPEI,Badminton,4
BAERUM,Handball,4
EID,Biathlon,4
"EVANSVILLE, IN",Swimming,4
SUHL,Luge,4
SUCEAVA,Rowing,4
"NEW ORLEANS, LA",Athletics,4
BOMET,Athletics,4
RIO DE JANEIRO,Football,4
"MISSOURI CITY, TX",Athletics,4
BAERUM,Biathlon,4
AUCKLAND,Rugby Sevens,4
KAPCHORWA,Athletics,4
RIO DE JANEIRO,Volleyball,3
RONNINGE,Swimming,3
"GOLD COAST, QLD",Swimming,3
ROROS,Cross-Country Skiing,3
ROSTOV-NA-DONU,Artistic Gymnastics,3
"SAN DIEGO, CA",Skateboarding,3
"LONG BEACH, CA",Water Polo,3
"SAN FRANCISCO, CA",Freestyle Skiing,3
SAN JUAN,Volleyball,3
SANTANDER,Handball,3
"SCARBOROUGH, ON",Swimming,3
SEOUL,Judo,3
SHANGHAI,Swimming,3
SIGULDA,Luge,3
ZHEJIANG,Badminton,3
KOTOR,Water Polo,3
CHELYABINSK,Ice Hockey,3
"GAINESVILLE, FL",Athletics,3
SOFIA,Rhythmic Gymnastics,3
SONDRIO,Short Track Speed Skating,3
ST. ANN'S BAY,Athletics,3
STOCKHOLM,Curling,3
STRASBOURG,Handball,3
BUSAN,Fencing,3
"SUGAR LAND, TX",Swimming,3
"SYDNEY, NSW",Swimming,3
GANGNEUNG,Archery,3
TBILISI,Judo,3
"TERREBONNE, QC",Short Track Speed Skating,3
TOGLIATTI,Handball,3
TOKYO,Artistic Gymnastics,3
"TORONTO, ON",Baseball/Softball,3
"TORONTO, ON",Football,3
"TORONTO, ON",Rugby Sevens,3
"LOUISVILLE, KY",Athletics,3
DAEJEON,Fencing,3
BARCELONA,Football,3
BARCELONA,Handball,3
TURIN,Swimming,3
FOGGIA,Fencing,3
TVER,Cross-Country Skiing,3
HAKUBA,Nordic Combined,3
UKKEL,Hockey,3
UMEA,Cross-Country Skiing,3
KRANJ,Ski Jumping,3
AMA,Fencing,3
UTRECHT,Hockey,3
"VALPARAISO, IN",Swimming,3
OSAKA,Baseball/Softball,3
VARESE,Swimming,3
LYON,Football,3
"CALGARY, AB",Ski Jumping,3
VILLEURBANNE,Swimming,3
EINDHOVEN,Hockey,3
VORONEZH,Artistic Gymnastics,3
"WASHINGTON, DC",Triathlon,3
CHRISTCHURCH,Rowing,3
CAMARTHEN,Cycling Track,3
"WODONGA, VIC",Swimming,3
WORCESTER,Swimming,3
ZAGREB,Water Polo,3
AARHUS,Handball,3
KARLSTAD,Curling,3
DNIPRO,Athletics,3
DONETSK,Artistic Swimming,3
GRODNO,Biathlon,3
CAMPULUNG MOLDOVENESC,Rowing,3
"BRISBANE, QLD",Water Polo,3
ANSHAN,Artistic Gymnastics,3
MAIDSTONE,Cycling Track,3
MANCHESTER,Triathlon,3
ANSHAN,Table Tennis,3
SAMARA,Fencing,3
"MELBOURNE, VIC",Basketball,3
"LOS ANGELES, CA",Water Polo,3
"MELBOURNE, VIC",Rowing,3
"MODESTO, CA",Swimming,3
MONTPELLIER,Table Tennis,3
"MORRISTOWN, NJ",Swimming,3
BELGRADE,3x3 Basketball,3
BELGRADE,Basketball,3
MOSCOW,Fencing,3
CAPE TOWN,Rugby Sevens,3
CHRISTCHURCH,Cycling Track,3
HONG KONG,Swimming,3
MOSCOW,Swimming,3
KURUME,Judo,3
MOSCOW,Tennis,3
NAPLES,Rowing,3
"CLEVELAND, OH",Fencing,3
CARPI,Swimming,3
"NEW YORK, NY",Athletics,3
HAMILTON,Rowing,3
"NEWPORT BEACH, CA",Water Polo,3
NIJVERDAL,Cycling Track,3
NIZAO,Athletics,3
NOVI SAD,Water Polo,3
NOVOTROITSK,Swimming,3
OBERSTDORF,Nordic Combined,3
OBERSTDORF,Ski Jumping,3
"OCALA, FL",Speed Skating,3
BERCHTESGADEN,Luge,3
OITA,Baseball/Softball,3
OKCHEON,Archery,3
OMSK,Shooting,3
PARIS,Basketball,3
AUCKLAND,Cycling Track,3
"PHOENIX, AZ",Artistic Gymnastics,3
COPENHAGEN,Handball,3
PLYMOUTH,Diving,3
PONTE SAN PIETRO,Cycling Track,3
"PORT CHARLOTTE, FL",Shooting,3
CORDOBA,Rugby Sevens,3
PORTO ALEGRE,Judo,3
"CHARLESTON, SC",Athletics,3
BERLIN,Canoe Sprint,3
FALUN,Cross-Country Skiing,3
RAETIHI,Rowing,3
BUFF BAY,Athletics,2
ITARIRI,Judo,2
DUMFRIES,Curling,2
AACHEN,Luge,2
HERENTALS,Cycling Road,2
KATWIJK AAN ZEE,Swimming,2
"DUNCRAIG, WA",Swimming,2
KOSZALIN,Athletics,2
KOTHEN,Hockey,2
GORI,Judo,2
ZELLA-MEHLIS,Cross-Country Skiing,2
GORI,Wrestling,2
ZHANJIANG,Diving,2
"GOSFORD, NSW",Athletics,2
LEAMINGTON SPA,Equestrian,2
KAZAN,Figure Skating,2
GOSPORT,Rowing,2
AALST,Cycling Road,2
"AKRON, OH",Basketball,2
GOTHENBURG,Curling,2
BUSAN,Judo,2
ALBERTVILLE,Biathlon,2
KRAKOW,Rowing,2
"LONDON, ON",Athletics,2
LEEDS,Cycling Mountain Bike,2
BYDGOSZCZ,Athletics,2
HIKONE,Swimming,2
CACAK,Basketball,2
CADCA,Ice Hockey,2
ECHIZEN,Fencing,2
IWAMIZAWA,Badminton,2
ALMATY,Fencing,2
"GRAND RAPIDS, MI",Basketball,2
ALMATY,Shooting,2
CAGNES-SUR-MER,Volleyball,2
IXELLES,Basketball,2
LLERENA,Athletics,2
EDINBURGH,Athletics,2
EDINBURGH,Curling,2
ALTOTTING,Bobsleigh,2
KEKAVA,3x3 Basketball,2
"CALGARY, AB",Athletics,2
AMILLY,Handball,2
"KELOWNA, BC",Swimming,2
AMSTERDAM,Hockey,2
EINSIEDELN,Alpine Skiing,2
ANDERLECHT,Hockey,2
LA ROMANA,Baseball/Softball,2
"LONDON, ON",Football,2
LUJAN,Hockey,2
"CAMDEN, SC",Equestrian,2
"EL PASO, TX",Athletics,2
ANNABERG - BUCHHOLZ,Cross-Country Skiing,2
"JEFFERSON CITY, MO",Basketball,2
"LAFAYETTE, LA",Athletics,2
HOLMES CHAPEL,Rowing,2
"ELMHURST, IL",Volleyball,2
ANSHAN,Freestyle Skiing,2
ANSHAN,Weightlifting,2
ANTWERP,Hockey,2
ANYANG,Short Track Speed Skating,2
ANYANG,Speed Skating,2
CANGAS,Handball,2
CANNES,Basketball,2
KERTEMINDE,Handball,2
ARAMON,Judo,2
"LAGUNA BEACH, CA",Water Polo,2
"HONG KONG, CHINA",Fencing,2
ERNAKULAM,Hockey,2
ESBJERG,Handball,2
MADRID,Water Polo,2
"HONOLULU, HI",Volleyball,2
JERUSALEM,Judo,2
JHAJJAR,Shooting,2
GUANTANAMO,Boxing,2
CASTELVETRANO,Weightlifting,2
CASTRIES,Athletics,2
"HOUSTON, TX",Baseball/Softball,2
ATHENS,Artistic Gymnastics,2
CAYENNE,Fencing,2
CEGLED,Water Polo,2
CEGLED,Wrestling,2
"ETOBICOKE, ON",Athletics,2
"HOUSTON, TX",Basketball,2
KRISTIANSAND,Handball,2
HOVMANTORP,Table Tennis,2
HRADEC KRALOVE,Tennis,2
AUCKLAND,Rowing,2
AUCKLAND,Sailing,2
CHANGSHA,Artistic Swimming,2
CHANGSHA,Diving,2
LEIDEN,Rowing,2
CHARENTON,Basketball,2
"LAKEWOOD, OH",Athletics,2
FALTICENI,Rowing,2
HUBEI,Diving,2
BAARN,Marathon Swimming,2
GUIYANG,Weightlifting,2
LOHJA,Ice Hockey,2
LEIDERDORP,Hockey,2
"GUMI, GYEONGSANGBUK-DO",Judo,2
BAD HONNEF,Bobsleigh,2
"CHATSWORTH, CA",Basketball,2
KHASAVYURT,Wrestling,2
FELDKIRCH,Alpine Skiing,2
KUALA LUMPUR,Badminton,2
FERGANA,Boxing,2
LOMAS DE ZAMORA,Hockey,2
BAERUM,Alpine Skiing,2
FES,Athletics,2
JILIN,Snowboard,2
CHENGDE,Shooting,2
JILIN,Table Tennis,2
GYUMRI,Wrestling,2
FLAWIL,Tennis,2
FLEN,Equestrian,2
JINAN,Shooting,2
HAAPSALU,Fencing,2
HACHIMANTAI,Ski Jumping,2
"CHESAPEAKE, VA",Athletics,2
FLORENCE,Swimming,2
BAODING,Diving,2
BAODING,Shooting,2
BAODING,Swimming,2
BARCELONA,Artistic Swimming,2
HAINAN,Diving,2
LEKKERKERK,Speed Skating,2
CHISINAU,Rhythmic Gymnastics,2
LEMPAALA,Ice Hockey,2
"LANSING, MI",Figure Skating,2
HVALSO,Equestrian,2
CHONGQING,Diving,2
CHONGQING,Rhythmic Gymnastics,2
KURCHATOV,Fencing,2
KIEL,Sailing,2
LAHTI,Ice Hockey,2
KIEV,Table Tennis,2
FRASCATI,Speed Skating,2
KURGAN,Fencing,2
FREDERIKSBERG,Handball,2
FREDRIKSTAD,Handball,2
HAMBURG,Hockey,2
"CINCINATTI, OH",Swimming,2
BEI'AN,Short Track Speed Skating,2
"FREMONT, NE",Volleyball,2
"CINCINNATI, OH",Football,2
"Hong Kong, China",Swimming,2
CITTA DELLA PIEVE,Shooting,2
BEIJING,Shooting,2
CITTADELLA,Swimming,2
FRIBOURG,Freestyle Skiing,2
CIUDAD REAL,Handball,2
CLAMART,Fencing,2
BELGRADE,Volleyball,2
KIRISHIMA-SHI,Judo,2
JYVASKYLA,Ice Hockey,2
CLICHY-LA-GARENNE,Judo,2
"FUJIYOSHIDA, YAMANASHI",Judo,2
COLMSCHATE,Speed Skating,2
"BENOWA, QLD",Swimming,2
FUKUI,Baseball/Softball,2
COLOMBES,Football,2
"COLORADO SPRINGS, CO",Shooting,2
"COLUMBIA, SC",Basketball,2
BERCHTESGADEN,Bobsleigh,2
FUKUOKA,Baseball/Softball,2
BEREZNIKI,Figure Skating,2
HAMILTON,Sailing,2
BERGEN,Handball,2
BERGEN,Speed Skating,2
KUTCHAN,Skateboarding,2
"MADISON, CT",Figure Skating,2
CORDOBA,Hockey,2
IMPERATRIZ,Skateboarding,2
BERLIN,Hockey,2
COUDEKERQUE-BRANCHE,Volleyball,2
COURCOURONNES,Handball,2
"HAMPSTEAD, MD",Triathlon,2
"COWANSVILLE, QC",Snowboard,2
CREMONA,Rowing,2
KITAKYUSHU,Table Tennis,2
CREWE,Swimming,2
CREWE,Trampoline Gymnastics,2
LES ABYMES,Fencing,2
CUENCA,Athletics,2
"BETHLEHEM, PA",Athletics,2
"CULCAIRN, NSW",Equestrian,2
CULIACAN,Football,2
KITAMI CITY,Curling,2
"BIBAI, HOKKAIDO",Judo,2
"LOS ANGELES, CA",Athletics,2
CURITIBA,Volleyball,2
GALWAY,Rowing,2
CZECHOWICE-DZIEDZICE,Canoe Sprint,2
KAMPEN,Cycling Track,2
"BIRMINGHAM, AL",Baseball/Softball,2
DAEGU,Fencing,2
BISHKEK,Wrestling,2
BIYSK,Shooting,2
KYIV,Wrestling,2
GATCHINA,Artistic Swimming,2
KOBE,Figure Skating,2
BLENHEIM,Rowing,2
BLUDENZ,Luge,2
DAGESTAN,Wrestling,2
GDANSK,Rowing,2
"DALLAS, TX",Athletics,2
GELDROP,Equestrian,2
"DANBURY, CT",Snowboard,2
BOLTON,Cycling Track,2
HARLOW,Cycling Track,2
KYOTO,Judo,2
KANYE,Athletics,2
DASSOW,Cycling Track,2
DATTELN,Canoe Sprint,2
"NEWARK, NJ",Basketball,2
"NEWARK, NJ",Volleyball,2
NEWHAM,Athletics,2
"MIAMI, FL",Baseball/Softball,2
MILAN,Alpine Skiing,2
NINGBO,Shooting,2
NINGBO,Swimming,2
NIRASAKI,Wrestling,2
NIS,Water Polo,2
NITRA,Ice Hockey,2
MILNGAVIE,Cycling Track,2
NOTTINGHAM,Sailing,2
NOTTINGHAM,Weightlifting,2
NOVA TRENTO,Volleyball,2
"MINNEAPOLIS, MN",Ice Hockey,2
NOVOSIBIRSK,Fencing,2
"MISSION VIEJO, CA",Swimming,2
NUMAZU,Table Tennis,2
"MISSISSAUGA, ON",Baseball/Softball,2
"MISSISSAUGA, ON",Canoe Sprint,2
"MISSOULA, MT",Swimming,2
"OCEANSIDE, CA",Bobsleigh,2
ODENSE,Badminton,2
ODENSE,Cycling Track,2
ODESSA,Karate,2
MEIZHOU,Badminton,2
MAILUU-SUU,Wrestling,2
"MOBILE, AL",Swimming,2
"MELBOURNE, VIC",Tennis,2
ORCE,Athletics,2
ORISTANO,Rowing,2
"MELBOURNE, VIC",Athletics,2
OSLO,Athletics,2
OSLO,Beach Volleyball,2
MAGHERALIN,Swimming,2
HEPPENHEIM,Canoe Sprint,2
OSLO,Nordic Combined,2
GOIRLE,Speed Skating,2
DREUX,Basketball,2
OULU,Ice Hockey,2
PAISLEY,Cycling Track,2
BUCHAREST,Swimming,2
PANIPAT,Athletics,2
PAPAKURA,Rugby Sevens,2
MEDJUGORJE,Tennis,2
PARIS,Fencing,2
GOIRLE,Artistic Swimming,2
GODOLLO,Fencing,2
KARUIZAWA,Figure Skating,2
PARIS,Volleyball,2
PAU,Basketball,2
PAVIA,Swimming,2
PEC,Judo,2
PENZA,3x3 Basketball,2
PENZA,Artistic Gymnastics,2
PERTH,Curling,2
"BROWNSBURG, IN",Cycling Track,2
"PERTH, WA",Water Polo,2
PETROPAVLOVSK-KAMCHATSKY,Archery,2
"MOGI DAS CRUZES, SP",Judo,2
PINAR DEL RIO,Wrestling,2
PIRNA,Bobsleigh,2
"PITTSBURGH, PA",Swimming,2
MONCALIERI,Short Track Speed Skating,2
"DOVER, OH",Swimming,2
POINTE-A-PITRE,Judo,2
POINTE-A-PITRE (GUA),Judo,2
POITIERS,Volleyball,2
POLTAVA,Boxing,2
MONTMORENCY,Judo,2
PONTEDERA,Fencing,2
PORIRUA,Rugby Sevens,2
MELILLA,Football,2
"PORTLAND, OR",Athletics,2
"PORTLAND, OR",Volleyball,2
"MONTREAL, QC",Diving,2
"PRINCE GEORGE, BC",Snowboard,2
PUYO,Weightlifting,2
"GLENDALE, CA",Basketball,2
QITAIHE,Short Track Speed Skating,2
QUANZHOU,Weightlifting,2
"QUEENS, NY",Fencing,2
"QUZHOU, ZHEJIANG",Swimming,2
RACIBORZ,Athletics,2
"MONTREAL, QC",Short Track Speed Skating,2
RANDBURG,Rowing,2
"GLENDALE, AZ",Archery,2
RENKUM,Hockey,2
BRNO,Shooting,2
RENNES,Volleyball,2
"RENO, NV",Swimming,2
"RICHMOND, BC",Athletics,2
"RICHMOND, VA",Swimming,2
RIMINI,Shooting,2
"RIMOUSKI, QC",Weightlifting,2
RINGERIKE,Biathlon,2
RIO DE JANEIRO,Artistic Gymnastics,2
"DOUGLASSVILLE, PA",Swimming,2
"MONTREAL, QC",Swimming,2
RIS-ORANGIS,Basketball,2
RIVNE,Swimming,2
RIVOLI,Rhythmic Gymnastics,2
"ROCKVILLE, MD",Wrestling,2
"ROMA, QLD",Swimming,2
ROME,Fencing,2
ROME,Rhythmic Gymnastics,2
ROME,Sailing,2
MONZA,Fencing,2
"MENDHAM, NJ",Swimming,2
ROSENHEIM,Equestrian,2
MEDELLIN,Cycling BMX Racing,2
ROTTERDAM,Hockey,2
ROTTERDAM,Rowing,2
ROUBAIX,Equestrian,2
ROVERETO,Sailing,2
ROYAN,Sailing,2
ROYAN,Volleyball,2
RUB?,Water Polo,2
RUGBY,Canoe Slalom,2
KONGSVINGER,Speed Skating,2
BRISTOL,Artistic Swimming,2
SACHKHERE,Weightlifting,2
SAINT MARTIN D'HERES,Biathlon,2
DORDRECHT,Hockey,2
SAINT-MARTIN-D?HERES,Biathlon,2
SAINT-QUENTIN,Basketball,2
SAINT-RAPHAEL,Volleyball,2
"SAINT-ROMUALD, QC",Snowboard,2
SAINT-SEBASTIEN-SUR-LOIRE,Handball,2
SAINTE-CATHERINE-LES-ARRAS,Basketball,2
"SALT LAKE CITY, UT",Figure Skating,2
SALVADOR,Boxing,2
"BRISBANE, QLD",Hockey,2
SAMEDAN,Alpine Skiing,2
"SAN ANTONIO, TX",Athletics,2
SAN DIEGO,Cycling Track,2
"SAN DIEGO, CA",Athletics,2
MOSCOW,Biathlon,2
"SAN FRANCISCO, CA",Fencing,2
"MENLO PARK, CA",Football,2
"MCALESTER, OK",Volleyball,2
SAN MIGUEL DE TUCUMAN,Hockey,2
SANDNES,Athletics,2
MATSUDO,Wrestling,2
SANTIAGO,Baseball/Softball,2
DONGLAI,Shooting,2
SANTO ANDRE,Volleyball,2
DONGEN,Athletics,2
"BRIDGEPORT, CT",Football,2
SAO VICENTE,Judo,2
SARATOV,Biathlon,2
SCARBOROUGH,Equestrian,2
GLASGOW,Triathlon,2
MOSCOW,Judo,2
SCHLEMA,Biathlon,2
"SCOTTSDALE, AZ",Skateboarding,2
SENDAI,Table Tennis,2
SEOUL,Golf,2
MERANO,Snowboard,2
DOHA,Athletics,2
GLASGOW,Rowing,2
GISBORNE,Canoe Sprint,2
SHANGHAI,Artistic Swimming,2
SHANGHAI,Diving,2
"MERRILLVILLE, IN",Athletics,2
SHANTOU,Diving,2
SHAOSHAN,Wrestling,2
SHAOXING,Swimming,2
DNIPRO,Artistic Gymnastics,2
"SHERBROOKE, QC",Short Track Speed Skating,2
LE MANS,Basketball,2
SHIZUOKA,Judo,2
SIENA,Fencing,2
"MOUNT KISCO, NY",Equestrian,2
SIVAS,Wrestling,2
SKIBBEREEN,Rowing,2
SKIVE,Handball,2
SKJERN,Handball,2
SKOFJA LOKA,Ski Jumping,2
SLOVENJ GRADEC,Sport Climbing,2
SOBORG,Handball,2
MATANZAS,Boxing,2
SOLA,Handball,2
SONDALO,Short Track Speed Skating,2
MOZGHA,Biathlon,2
SONIPAT,Hockey,2
"SOSNOGORSK, KOMI",Cross-Country Skiing,2
HEIDELBERG,Athletics,2
"SOUTH BRISBANE, QLD",Swimming,2
SPLIT,Shooting,2
SPLIT,Water Polo,2
SPOLETO,Rhythmic Gymnastics,2
MUGANLI,Wrestling,2
"ST. CATHARINES, ON",Rowing,2
"ST. LOUIS, MO",Basketball,2
"ST. PAUL, MN",Cross-Country Skiing,2
ST. PETERSBURG,Figure Skating,2
STANS,Shooting,2
STAVANGER,Handball,2
MULHOUSE,Handball,2
STOCKTON-ON-TEES,Athletics,2
STORD,Beach Volleyball,2
STRANRAER,Curling,2
STRASBOURG,Fencing,2
MULHOUSE,Volleyball,2
LIVRY-GARGAN,Triathlon,2
HEERENVEEN,Speed Skating,2
MUNICH,Alpine Skiing,2
BRATISLAVA,Ice Hockey,2
"SUNNYBANK, QLD",Swimming,2
SURAT THANI,Taekwondo,2
SUWON,Table Tennis,2
"SYDNEY, NSW",Snowboard,2
MUNICH,Luge,2
"HAYWARD, CA",Basketball,2
"SYRACUSE, NY",Basketball,2
SZEGED,Short Track Speed Skating,2
"DENVER, CO",Wrestling,2
TAIPEI,Boxing,2
"DENVER, CO",Volleyball,2
TAMPERE,Ice Hockey,2
TASHKENT,Wrestling,2
TAUPO,Triathlon,2
BRASILIA,Football,2
"MURDOCH, WA",Swimming,2
TERRASSA,Football,2
TERRASSA,Water Polo,2
MYKOLAYIV,Fencing,2
THE HAGUE,Hockey,2
THE HAGUE,Rowing,2
THESSALONIKI,Athletics,2
THESSALONIKI,Rowing,2
"DALLAS, TX",Shooting,2
TIANJIN,Badminton,2
TIRANO,Short Track Speed Skating,2
TIRGU NEAMT,Rowing,2
TOBA,Fencing,2
MARSEILLE,Handball,2
NAGOYA,Figure Skating,2
TOKYO,Baseball/Softball,2
TOKYO,Fencing,2
TOKYO,Figure Skating,2
LE CHESNAY,Judo,2
TOKYO,Skateboarding,2
"BRANDON, MB",Ice Hockey,2
TORNIO,Ice Hockey,2
"TORONTO, ON",Athletics,2
NAMUR,Athletics,2
NANJING,Artistic Swimming,2
"TORONTO, ON",Rowing,2
NAPIER,Rowing,2
LONDON,Sailing,2
"TORRANCE, CA",Volleyball,2
BRAMMING,Handball,2
TOURCOING,Volleyball,2
TOYOHASHI,Basketball,2
TRABZON,Boxing,2
TRENCIN,Ice Hockey,2
TRENTO,Short Track Speed Skating,2
"TRENTON, NJ",Athletics,2
TROLLHATTAN,Speed Skating,2
TRONDHEIM,Handball,2
HAVANA,Boxing,2
"TULSA, OK",Athletics,2
MEXICO CITY,Diving,2
"MARIETTA, GA",Football,2
UDINE,Fencing,2
NARVIK,Handball,2
ULAANBAATAR,Judo,2
ULSAN,Taekwondo,2
ULSTEINVIK,Athletics,2
NARYAN-MAR,Cross-Country Skiing,2
MANILA,Artistic Gymnastics,2
LONDON,Rugby Sevens,2
UZICE,Volleyball,2
VALENCIA,3x3 Basketball,2
HAVANA,Athletics,2
NASSAU,Athletics,2
VANTAA,Ice Hockey,2
NETANYA,Judo,2
VATRA MOLDOVITEI,Rowing,2
VAXJO,Sailing,2
VELSEN-ZULD,Athletics,2
VERBANIA,Cycling Road,2
VESZPREM,Marathon Swimming,2
VIANA DO CASTELO,Cycling Track,2
VICTORIA,Hockey,2
"VICTORIA, BC",Rowing,2
VIENNA,Ski Jumping,2
VILEYKA,Trampoline Gymnastics,2
VILLACH,Snowboard,2
"NEW BRUNSWICK, NJ",Athletics,2
VLEUTEN,Cycling Road,2
LUGANO,Alpine Skiing,2
MANAWATU,Rugby Sevens,2
VOZHEGA,Cross-Country Skiing,2
WARTENA,Sailing,2
"WASHINGTON, DC",Basketball,2
GENTOFTE,Sailing,2
NEW PLYMOUTH,Rugby Sevens,2
WELLINGTON,Rowing,2
WELLINGTON,Rugby Sevens,2
WELWYN GARDEN CITY,Athletics,2
"IPSWICH, QLD",Swimming,2
WESTMORELAND,Athletics,2
"WEYMOUTH, MA",Football,2
"WHEATON, IL",Volleyball,2
WIGAN,Athletics,2
GENOA,Artistic Gymnastics,2
"WINNIPEG, MB",Football,2
MEXICO CITY,Football,2
LONDON,Modern Pentathlon,2
WOLVERHAMPTON,Athletics,2
"NEW YORK, NY",Football,2
"WORCESTER, MAS",Artistic Gymnastics,2
XIANGYANG,Diving,2
XIANTAO,Diving,2
XUZHOU,Freestyle Skiing,2
BOTOSANI,Rowing,2
XUZHOU,Table Tennis,2
YAMAGUCHI,Judo,2
YAOUNDE,Basketball,2
YEREVAN,Artistic Gymnastics,2
BOSCOTRECASE,Artistic Gymnastics,2
YOKKAICHI,Wrestling,2
"YORK, PA",Swimming,2
HARROGATE,Diving,2
MALACCA,Badminton,2
DAVAO,Boxing,2
"NEWARK, DE",Athletics,2
ADELAIDE,Cycling Track,2
BORDEAUX,Basketball,2
AISNE,Judo,2
"CORAL SPRINGS, FL",Athletics,1
CORBIE,Archery,1
"CORONA, CA",Ice Hockey,1
"COSTA MESA, CA",Beach Volleyball,1
COVENTRY,Judo,1
CRETEIL,Handball,1
CUCUTA,Artistic Gymnastics,1
CULEMBORG,Short Track Speed Skating,1
CURITIBA,Artistic Gymnastics,1
CURITIBA,Skateboarding,1
"CYPRESS, TX",Baseball/Softball,1
DACHAU,Rowing,1
DAEGU,Badminton,1
DAEGU,Judo,1
DAEGU,Modern Pentathlon,1
DAEGU,Shooting,1
DAEJEON,Short Track Speed Skating,1
DAEJON,Fencing,1
DALEN,Rowing,1
"DALLAS, TX",Basketball,1
"DANA POINT, CA",Swimming,1
DANDONG,Boxing,1
DANYANG,Shooting,1
DARMSTADT,Judo,1
"DARWIN, NT",Hockey,1
"DAVIS, CA",Skateboarding,1
DAZHOU,Artistic Swimming,1
"DEARBORN, MI",Wrestling,1
"DECATUR, GA",Baseball/Softball,1
"DEERFIELD, ILL",Artistic Gymnastics,1
"DELAFIELD, WI",Ice Hockey,1
DELFT,Hockey,1
DELSBO,Cross-Country Skiing,1
DEN HORN,Rowing,1
"DENVER, CO",Football,1
"DENVER, CO",Swimming,1
"DENVER, CO",Tennis,1
"DETROIT, MI",Baseball/Softball,1
"DETROIT, MI",Swimming,1
"DIBRA, HARYANA",Hockey,1
DIJON,3x3 Basketball,1
DIJON,Fencing,1
DILLENBURG,Bobsleigh,1
"DILLON, SC",Athletics,1
DNIPROPETROVSK,Ice Hockey,1
DOBELE,Weightlifting,1
DOBRICH,Boxing,1
DOFTEANA,Weightlifting,1
DOHA,Beach Volleyball,1
DOIS RIACHOS,Football,1
DORTMUND,Bobsleigh,1
"DOUSMAN, WI",Ice Hockey,1
"DOVER, NH",Diving,1
"DOWNERS GROVE, IL",Ice Hockey,1
DRACHTEN,Rowing,1
DRESDEN,Canoe Sprint,1
DRESDEN,Diving,1
DREUX,Rugby Sevens,1
DREZDENKO,Athletics,1
DUBLIN,Artistic Gymnastics,1
DUBLIN,Boxing,1
DUBLIN,Rowing,1
DUISBURG,Rowing,1
DUNAUJVAROS,Canoe Sprint,1
DUNAUJVAROS,Water Polo,1
DUNEDIN,Athletics,1
DUNEDIN,Canoe Slalom,1
DUNEDIN,Rowing,1
DUNEDIN,Rugby Sevens,1
DUNGUN,Cycling Track,1
DUNKIRK,Basketball,1
DURBAN,Cycling Mountain Bike,1
DURBAN,Golf,1
DURBAN,Tennis,1
DUSHANBE,Boxing,1
DUSSELDORF,Hockey,1
EAST LONDON,Athletics,1
EBERSBERG,Artistic Gymnastics,1
ECHICHENS,Cycling BMX Racing,1
EDE,Rowing,1
EDE,Skeleton,1
EDEGEM,Hockey,1
"EDINA, MN",Swimming,1
"EDINA, MN",Volleyball,1
"EDMONTON, AB",Bobsleigh,1
"EDMONTON, AB",Football,1
EHIME,Golf,1
EIBAR,Football,1
EISENACH,Handball,1
EISENSTADT,Ice Hockey,1
EL ASTILLERO,Handball,1
EL CAMPILLO,Football,1
EL CARMELO,Cycling Road,1
EL PALMAR,Tennis,1
ELCHE,Football,1
ELEKTROSTAL,Diving,1
ELIZONDO,Football,1
"ELKHART, IN",Volleyball,1
ELS HOSTALETS DE PIEROLA,Football,1
ENFIELD,Athletics,1
EPINAL,Biathlon,1
EPINAY-SUR-SEINE,Taekwondo,1
ERBACH,Table Tennis,1
"ERIE, PA",Baseball/Softball,1
"ERLANGER, KY",Freestyle Skiing,1
ESFAHAN,Taekwondo,1
ESPINOSA,Beach Volleyball,1
ESPLUGES LLOBREGAT,Water Polo,1
ESPOO,Ice Hockey,1
ESPOSENDE,Canoe Sprint,1
ESSEN,3x3 Basketball,1
ESTANYOL,Football,1
EUPEN,Football,1
EUSKIRCHEN,Handball,1
"EVERGREEN PARK, IL",Ice Hockey,1
EVRY,Cross-Country Skiing,1
"EXCELSIOR, MN",Ice Hockey,1
"EXETER, NH",Swimming,1
"FAIRBANKS, AK",Freestyle Skiing,1
FALKOPING,Football,1
FALUN,Cycling Mountain Bike,1
FANTINO,Baseball/Softball,1
"FARMINGTON, MI",Ice Hockey,1
FARNBOROUGH,Athletics,1
FASANO,Shooting,1
"FAYETTEVILLE, NC",Rugby Sevens,1
FECAMP,Rugby Sevens,1
FELDBACH,Sailing,1
FENGCHENG,Wrestling,1
FERRARA,Rowing,1
FIRMINY,Handball,1
"FITZROY, VIC",Snowboard,1
FLAWIL,Sailing,1
FLENSBURG,Handball,1
"FLINT, MI",Basketball,1
FLORENCE,Marathon Swimming,1
FLORENCE,Shooting,1
FLORIANOPOLIS,Skateboarding,1
"FLUSHING, NY",Basketball,1
FOCSANI,Artistic Gymnastics,1
FORMOSA,Volleyball,1
"FORT COLLINS, CO",Cycling Mountain Bike,1
"FORT COLLINS, CO",Cycling Track,1
"FORT SASKATCHEWAN, AB",Ice Hockey,1
"FORT WORTH, TX",Shooting,1
"FORT-DE-FRANCE, MARTINIQUE",Basketball,1
"FOUNTAIN VALLEY, CA",Water Polo,1
FRANKFURT,Equestrian,1
FRAUENFELD,Snowboard,1
"FREMONT, CA",Figure Skating,1
"FRESNO, CA",Athletics,1
"FRESNO, CA",Football,1
"FRISCO, TX",Football,1
FRUTAL,Volleyball,1
"FT. WAYNE, IN",Freestyle Skiing,1
FUEFUKI,Wrestling,1
FUJIAN,Artistic Gymnastics,1
FUJISAWA,Baseball/Softball,1
FUKUOKA,Equestrian,1
FUNABASHI,Artistic Gymnastics,1
FURTWANGEN,Freestyle Skiing,1
FURTWANGEN,Nordic Combined,1
FUSHUN,Freestyle Skiing,1
FUSHUN,Short Track Speed Skating,1
FUSHUN,Table Tennis,1
FUZHOU,Trampoline Gymnastics,1
G?PPINGEN,Football,1
G?RLITZ,Athletics,1
GALLARATE,Weightlifting,1
GALTEN,Handball,1
GANGWON,Shooting,1
GARINOAIN,Football,1
GASSIN,Football,1
GATESHEAD,Rowing,1
GAVRILOV-YAM,Swimming,1
"GEELONG, VIC",Shooting,1
GELDROP,Hockey,1
GELENDZHIK,Beach Volleyball,1
GENERAL ALVEAR,Volleyball,1
GENEVA,Swimming,1
"GENEVA, IL",Volleyball,1
GENNEVILLIERS,Football,1
GENOA,Karate,1
GENOA,Water Polo,1
"GEORGETOWN, ON",Ice Hockey,1
"GERMANTOWN HILLS, IL",Swimming,1
"GERMANTOWN, TN",Triathlon,1
GERMERSHEIM,Football,1
GHENT,Cycling Track,1
GHENT,Hockey,1
GIESSEN,Athletics,1
GIFU,Snowboard,1
GIJON,Handball,1
GIJON,Tennis,1
"GILBERT, AZ",Artistic Gymnastics,1
"GILBERT, AZ",Baseball/Softball,1
GISBORNE,Basketball,1
GIZYCKO,Volleyball,1
"GLADSTONE, QLD",Cycling BMX Freestyle,1
"GLEN ELLYN, IL",Speed Skating,1
"GLENVIEW, IL",Swimming,1
GLOSTRUP,Handball,1
GOKSUN,Shooting,1
GOL,Cross-Country Skiing,1
GOLD COAST,Cycling BMX Racing,1
"GOLD COAST, QLD",Sailing,1
GOMEL,Weightlifting,1
GOMEZ PALACIO,Football,1
GONAIVES,Athletics,1
GORANBOY,Wrestling,1
GORKI,Speed Skating,1
"GOSFORD, NSW",Canoe Sprint,1
"GOSHEN, NY",3x3 Basketball,1
GOUDA,Hockey,1
GOUDA,Rowing,1
GOUDA,Water Polo,1
GOVERNADOR VALADARES,Football,1
"GOYCHAY, ALXASAVA",Judo,1
GRAHAMSTOWN,Rugby Sevens,1
"GRAND RAPIDS, MI",Rugby Sevens,1
GRANDE-SYNTHE,Boxing,1
GRANGE,Swimming,1
"GRANGER, IN",Wrestling,1
GRANOLLERS,Artistic Swimming,1
GRANVILLE,Football,1
GRAVEDONA,Rowing,1
GRAVENZANDE,Speed Skating,1
GRAVESEND,Modern Pentathlon,1
"GRAYSLAKE, IL",Football,1
"GREENWOOD, SC",3x3 Basketball,1
GRENOBLE,Volleyball,1
GRIBSKOV,Handball,1
GRODNO,Volleyball,1
GRUMO APPULA,Athletics,1
GUADALAJARA,Football,1
GUANGDONG,Artistic Gymnastics,1
GUANGDONG,Badminton,1
GUANGDONG,Diving,1
GUANGDONG,Tennis,1
GUANGXI,Wrestling,1
GUANGZHOU,Diving,1
GUANGZHOU,Golf,1
GUANGZHOU,Wrestling,1
GUANTANAMO,Canoe Sprint,1
GUARULHOS,Football,1
GUATEMALA,Shooting,1
GUDMUNDRA PARISH,Freestyle Skiing,1
"GUELPH, ON",Baseball/Softball,1
"GUELPH, ON",Freestyle Skiing,1
GUIDING,Boxing,1
GUILDFORD,Canoe Sprint,1
GUILDFORD,Rowing,1
GUILIN,Weightlifting,1
GUIZHOU,Diving,1
GUIZHOU,Shooting,1
GURA HUMORULUI,Rowing,1
GUSEV,3x3 Basketball,1
GWANGJU,Badminton,1
GYERONG,Fencing,1
GYUMRI,Boxing,1
GYUMRI,Weightlifting,1
HAAG,Sport Climbing,1
HACHIMANTAI,Nordic Combined,1
"HACKENSACK, NJ",Artistic Gymnastics,1
"HAGERSTOWN, MD",Wrestling,1
HAITANG,Weightlifting,1
"HALIFAX, NS",Canoe Sprint,1
"HALIFAX, NS",Ice Hockey,1
HALL,Luge,1
HALLAND,Football,1
HALLUM,Speed Skating,1
HAMAMATSU,Athletics,1
HAMAMATSU,Baseball/Softball,1
HAMBURG,Judo,1
HAMBURG,Rowing,1
HAMBURG,Tennis,1
"HAMDEN, CT",Athletics,1
HAMEENLINNA,Ice Hockey,1
HAMILTON,Boxing,1
HAMILTON,Freestyle Skiing,1
HAMILTON,Rugby Sevens,1
"HAMILTON, ON",Fencing,1
"HAMILTON, ON",Ice Hockey,1
HAMM,Athletics,1
HAMM,Football,1
HAMMERSMITH,Rowing,1
HANAU,Swimming,1
HANGUL,Taekwondo,1
HANGZHOU,Badminton,1
HANGZHOU,Rhythmic Gymnastics,1
HANNOVER,Handball,1
HANNOVERSCH MUENDEN,Football,1
HANNQOVER,Handball,1
"HAPPY VALLEY, SA",Basketball,1
HARBIN,Figure Skating,1
HARFLEUR,Sailing,1
"HARRISBURG, PA",Basketball,1
HARROGATE,Artistic Gymnastics,1
HASSELT,Cycling Road,1
HASSELT,Rowing,1
HASSFURT,Football,1
HAULERWIJK,Rowing,1
HAVANA,Baseball/Softball,1
HAVANA,Wrestling,1
HAWAII,Volleyball,1
HEERHUGOWAARD,Athletics,1
HEILBRONN,Handball,1
HEILONGJIANG,Table Tennis,1
HELSINGBORG,Football,1
HEMEL HEMPSTEAD,Artistic Gymnastics,1
HEMEL HEMPTSTEAD,Cycling Road,1
HENAN,Karate,1
HENGSHUI,Rowing,1
HERDECKE,Rowing,1
HERENT,Speed Skating,1
HERFORD,Athletics,1
HERMOSILLO,Archery,1
HERMOSILLO,Football,1
HERNING,Handball,1
"HERSTON, QLD",Water Polo,1
HIDAKA,Basketball,1
HIGASHIMURAYAMA,Basketball,1
HIGASHIYAMATO,Baseball/Softball,1
HIGUEY,Boxing,1
HILDESHEIM,Cycling Track,1
HILLINGDON,Rowing,1
HIMEJI,Judo,1
HIROSHIMA,Baseball/Softball,1
HIROSHIMA,Sailing,1
"HOBART, TAS",Basketball,1
"HOBART, TAS",Hockey,1
HOBOKEN,Football,1
HODONIN,Athletics,1
"HOFFMAN ESTATES, IL",Water Polo,1
HOJE-TAASTRUP,Handball,1
HOKKAIDO,Curling,1
HOLBAEK,Handball,1
"HOLETA, OROMIA",Athletics,1
HOLGUIN,Shooting,1
HOLON,Judo,1
"HOMER, AK",Cycling Road,1
"HOMER, AK",Cycling Track,1
HONG KONG,Rugby Sevens,1
"HONOLULU, HI",Surfing,1
HOOFDDORP,Sailing,1
HORSENS,Handball,1
"HOUSTON, TX",Swimming,1
HUAI'AN,Artistic Swimming,1
HUAI'AN,Swimming,1
HUALIEN,Boxing,1
HUBEI,Weightlifting,1
HUDDERSFIELD,Diving,1
HUDDERSFIELD,Equestrian,1
HUDDERSFIELD,Taekwondo,1
HUIXIAN,Breaking,1
HUIZEN,Hockey,1
HUKUNTSI,Athletics,1
HULUNBEIER,Rowing,1
HUNAN,Artistic Gymnastics,1
HUNAN,Badminton,1
HUNAN,Diving,1
HUNAN,Trampoline Gymnastics,1
"HUNTERSVILLE, NC",Baseball/Softball,1
HUNTINGDON,Sailing,1
"HUNTINGTON BEACH, CA",Football,1
HUY,Equestrian,1
HWASUN,Boxing,1
HYDERABAD,Badminton,1
"Hong Kong, China",Cycling Track,1
"Hong Kong, China",Fencing,1
"Hong Kong, China",Table Tennis,1
IBARRA,Athletics,1
IBRAGIMOTAR,Boxing,1
ICHIKAWA,Basketball,1
ICHINOMIYA,Figure Skating,1
IGUACU,Rowing,1
IGUAPE,Judo,1
IHRINGEN,Rowing,1
IKAALINEN,Cross-Country Skiing,1
IKEDA TOWN,Freestyle Skiing,1
IMPHAL,Hockey,1
IMPHAL,Weightlifting,1
INCHEON,Fencing,1
INCHEON,Taekwondo,1
"INDIANAPOLIS, IN",Athletics,1
"INDIANAPOLIS, IN",Diving,1
"INDIANAPOLIS, IN",Swimming,1
"INGERSOLL, ON",Ice Hockey,1
"INGLEWOOD, CA",Athletics,1
INNSBRUCK,Sport Climbing,1
INTERLAKEN,Freestyle Skiing,1
INVERCARGILL,Cycling Track,1
INVERCARGILL,Rowing,1
"IPSWICH, QLD",Tennis,1
IRAPUATO,Football,1
IRKUTSK,Judo,1
IRKUTSK,Shooting,1
"IRON MOUNTAIN, MI",Diving,1
"IRON RIVER, MI",Snowboard,1
IRPEN,Wrestling,1
ISERNIA,Judo,1
ISHIGAKI,Baseball/Softball,1
ISLE OF MAN,Equestrian,1
ISOLA DELLA SCALA,Cycling Track,1
ISTANBUL,Archery,1
ISTMINA,Weightlifting,1
ITAMI,Baseball/Softball,1
ITARSI,Hockey,1
ITEN,Athletics,1
"ITHACA, NY",Wrestling,1
ITOSHIMA,Basketball,1
ITUVERAVA,Football,1
IVANO-FRANKIVSK,Canoe Sprint,1
IVRY-SUR-SEINE,Football,1
IVRY-SUR-SEINE,Handball,1
IWADE,Skateboarding,1
IZOLA,Sailing,1
IZUMI,Baseball/Softball,1
"JACKSONVILLE, FL",Baseball/Softball,1
"JACKSONVILLE, FL",Football,1
JAERNSKOG,Biathlon,1
JAKARTA,Badminton,1
JAMSA,Ice Hockey,1
JANDIRA,Volleyball,1
JAWOR,Volleyball,1
JEFFREYS BAY,Rugby Sevens,1
JEJU,Shooting,1
JELGAVA,3x3 Basketball,1
JEMEPPE-SUR-SAMBRE,Football,1
JEONJU,Short Track Speed Skating,1
"JERSEY CITY, NJ",Football,1
JHAJJAR,Wrestling,1
JI'AN,Athletics,1
JIAMUSI,3x3 Basketball,1
JIAMUSI,Short Track Speed Skating,1
JIANGSU,Badminton,1
JIANGSU PROVINCE,Trampoline Gymnastics,1
JIANGXI,Canoe Sprint,1
JIAXING,Badminton,1
JIHLAVA,Judo,1
JILIN,Shooting,1
JILIN,Short Track Speed Skating,1
JINGDEZHEN,Swimming,1
JINGZHOU,Badminton,1
JINJIANG,Artistic Gymnastics,1
JINJU,Fencing,1
JINPING,Weightlifting,1
JINZHOU,Rowing,1
JINZHOU,Sailing,1
JOAO PESSOA,Football,1
JOENSUU,Ice Hockey,1
JOHANNESBURG,Athletics,1
"JOHNSON CITY, TN",Artistic Gymnastics,1
JUANKOSKI,Ice Hockey,1
JUAZEIRO,Football,1
JYVAESKYLAE,Ice Hockey,1
KAATSHEUVEL,Cycling Track,1
KAGAWA,Wrestling,1
KAISERSLAUTERN,Cycling Track,1
KAISERSLAUTERN,Handball,1
KAKEGAWA,Baseball/Softball,1
"KALISPELL, MT",Figure Skating,1
KALUNDBORG,Shooting,1
"KAMASHI ZONE, BENISHANGUL-GUMUZ",Athletics,1
KAMEOKA,Karate,1
KAMYANETS-PODILSKY,Judo,1
KANAGAWA,Skateboarding,1
"KANATA, ON",Ice Hockey,1
KANOVE,Rhythmic Gymnastics,1
"KANSAS CITY, MO",Athletics,1
KAOHSIUNG,Badminton,1
"KAPRETWA VILLAGE, SABOTI",Athletics,1
KAPSISIYWA,Athletics,1
KAPSOWAR,Athletics,1
KARAJ,Taekwondo,1
KARAMPUR,Hockey,1
KARENG,Athletics,1
KARLOVY VARY,Fencing,1
KARS,Taekwondo,1
KASSEL,Canoe Sprint,1
"KATHERINE, NT",Basketball,1
KATRINEHOLM,Football,1
"KATY, TX",Volleyball,1
KAWAGUCHI,Breaking,1
KAWAKAWA,Rugby Sevens,1
KAZAN,Fencing,1
KAZAN,Ice Hockey,1
KAZINCBARCIKA,Fencing,1
KEDAH,Badminton,1
KEDZIERZYN-KOZLE,Volleyball,1
KEHL,Equestrian,1
KEMPTEN,Cross-Country Skiing,1
"KEMPTON PARK, GAUTENG",Athletics,1
"KENNETCOOK, NS",Boxing,1
KERICHO,Athletics,1
KERICHO COUNTY,Athletics,1
KERIKERI,Sailing,1
KERMANSHAH,Taekwondo,1
KESZTHELY,Shooting,1
KEVELAER,Archery,1
"KEW, VIC",Cycling Track,1
KHABAROVSK,Ice Hockey,1
KHABAROVSK,Shooting,1
KHANEWAL,Athletics,1
KHANIA,Water Polo,1
KHARKIV,Cycling Track,1
KHARKIV,Wrestling,1
KHARTOUM,Athletics,1
KHERSON,Canoe Sprint,1
KHIOS,Water Polo,1
KHOREZM REGION,Judo,1
KHOURIBGA,Football,1
KHUSHTADA,Wrestling,1
KHUSROPUR,Hockey,1
KIEL,Football,1
KIEL,Handball,1
KIEL,Judo,1
KIJIMADAIRA,Nordic Combined,1
KINGSTON UPON THAMES,Rowing,1
KINROSS,Athletics,1
KIRKCALDY,Swimming,1
KISII,Athletics,1
KISKUNHALAS,Athletics,1
KITAKYUSHU,Sailing,1
KITAMI,Curling,1
KIUKAINEN,Ice Hockey,1
KNIN,Basketball,1
KOBE,Equestrian,1
KOBRYN,Volleyball,1
KOCAELI,Karate,1
KOCHI,Wrestling,1
KOKKEDAL,Cycling Track,1
KOLOMNA,Speed Skating,1
KOMENDA,Cycling Road,1
KOMSOMOLSK,Ice Hockey,1
KONAK,Artistic Gymnastics,1
KONAWE,Badminton,1
KOPER,Judo,1
KOSCIERZYN,Athletics,1
KOUDOUGOU,Athletics,1
KRAKOW,Volleyball,1
KRALJEVO,Basketball,1
KRALJEVO,Volleyball,1
KRASNODAR,Handball,1
KRASNODAR,Rhythmic Gymnastics,1
KRASNOTURYINSK,Cross-Country Skiing,1
KRASNOYARSK,Ice Hockey,1
KRASNOYARSK,Shooting,1
KRASNOYARSK,Tennis,1
KREFELD,Equestrian,1
KREFELD,Football,1
KREFELD,Hockey,1
KREFELD,Wrestling,1
KRISTIANSTAD,Football,1
KROTOSZYN,Volleyball,1
KRUHLAYE,Wrestling,1
KRUSEVAC,Taekwondo,1
KRYVYI RIH,Handball,1
KRZYZ WIELKOPOLSKI,Volleyball,1
KUBRAT,Wrestling,1
KULMBACH,Volleyball,1
KUMAMOTO,Badminton,1
KUMAMOTO,Baseball/Softball,1
KUNGSBACKA,Football,1
"KUNSHAN, SUZHOU",Athletics,1
KUOPIO,Ice Hockey,1
KURGAN,Taekwondo,1
KUSHIRO,Speed Skating,1
KUWAIT CITY,Shooting,1
KUZMOLOVSKY,Volleyball,1
KYIV,Athletics,1
KYIV,Judo,1
KYOTO,Baseball/Softball,1
KYOTO,Wrestling,1
KYSUCKE NOVE MESTO,Ice Hockey,1
KYUSTENDIL,Rhythmic Gymnastics,1
"L'ANCIENNE-LORETTE, QC",Football,1
L'HOSPITALET DE LLOBREGAT,Water Polo,1
"LA BAIE, QC",Speed Skating,1
LA CHAUX-DE-FONDS,Shooting,1
LA FEMME,Athletics,1
LA GUAIRA,Weightlifting,1
LA LLAGOSTA,Handball,1
"LA MALBAIE, QC",Ice Hockey,1
LA PAZ,Diving,1
LA PLATA,Rugby Sevens,1
LA RIOJA,Rugby Sevens,1
LA ROCHELLE,Rowing,1
LA SEYNE-SUR-MER,Cycling Road,1
LABASA,Rugby Sevens,1
"LABRADOR CITY, NL",Curling,1
"LAGUNA BEACH, CA",Sailing,1
LAITILA,Ice Hockey,1
"LAKEWOOD, CA",Football,1
"LANCASTER, CA",Baseball/Softball,1
"LANCASTER, PA",Archery,1
"LANCASTER, PA",Football,1
LANGENHAGEN,Equestrian,1
LANGFANG,Table Tennis,1
"LANGLEY, BC",Baseball/Softball,1
"LANGLEY, BC",Rowing,1
LANNEMEZAN,Rugby Sevens,1
"LANSING, MI",Athletics,1
LAPPEENRANTA,Ice Hockey,1
LAS PALMAS DE GRAN CANARIA,Handball,1
"LAS VEGAS, NV",Swimming,1
LASARTE-ORIA,Canoe Slalom,1
LATSCHACH,Alpine Skiing,1
"LAUNCESTON, TAS",Basketball,1
LAUSANNE,Beach Volleyball,1
LAVAUR,Cycling Track,1
LE CHESNAY,Basketball,1
LE CHESNAY,Football,1
LE CHESNAY,Rugby Sevens,1
LE GOSIER,Fencing,1
LE PONT-DE-BEAUVOISIN,Triathlon,1
LE PUY-EN-VELAY,Surfing,1
LECCO,Rowing,1
LEEDS,Cycling Track,1
LEEDS,Diving,1
LEEDS,Rowing,1
LEEDS,Triathlon,1
LEGANES,Artistic Swimming,1
"LEICESTER, ENGLAND",Basketball,1
LEIDEN,Hockey,1
LEIDEN,Speed Skating,1
LEIDERDORP,Rowing,1
LEIDSCHENDAM,Hockey,1
LEIPZIG,Bobsleigh,1
LEIYANG,Sport Climbing,1
LEJRE,Handball,1
LENINKENT,Wrestling,1
LENINOGORSK,Ski Jumping,1
LENINSK-KUZNETSKIY,Artistic Gymnastics,1
"LEONGATHA, VIC",Athletics,1
"LES ABYMES, GUADELOUPE",Handball,1
LES OLLIERES-SUR-EYRIEUX,Canoe Slalom,1
LESHAN,Hockey,1
"LETHBRIDGE, AB",Rugby Sevens,1
"LEVIS, QC",Short Track Speed Skating,1
LEVOCA,Ice Hockey,1
LEYTON,Athletics,1
LIAONING,Badminton,1
LIBOURNE,3x3 Basketball,1
LICHFIELD,Cycling Track,1
LIEGE,Football,1
LIEGE,Judo,1
LILLE,Cycling BMX Racing,1
LIMA,Beach Volleyball,1
LIMA,Sailing,1
LIMASSOL,Sailing,1
LIMOURS,Equestrian,1
"LINCOLNWOOD, IL",Basketball,1
LINDAU,Football,1
LIPETSK,Fencing,1
LIPTOVSKY MIKULAS,Alpine Skiing,1
LIPTOVSKY MIKULAS,Canoe Slalom,1
LIPTOVSKY MIKULAS,Ice Hockey,1
LISBON,Athletics,1
"LITHGOW, NSW",Hockey,1
"LITTLETON, CO",Football,1
"LITTLETON, CO",Ice Hockey,1
LIVERPOOL,Athletics,1
LIVERPOOL,Taekwondo,1
LIVORNO,Fencing,1
LIVORNO,Taekwondo,1
LJUBLJANA,Alpine Skiing,1
LJUBLJANA,Canoe Slalom,1
LLEIDA,Canoe Sprint,1
LOCARNO,Swimming,1
LODI,Volleyball,1
LODZ,Volleyball,1
LOERENSKOG,Alpine Skiing,1
"LOGANHOLME, QLD",Basketball,1
LOGUMKLOSTER,Handball,1
LOHNE,Football,1
LONDON,Cycling BMX Racing,1
LONDON,Cycling Track,1
LONDON,Football,1
LONDON,Hockey,1
LONDON,Judo,1
LONDON,Rowing,1
"LONDON, ON",Baseball/Softball,1
"LONDON, ON",Rowing,1
"LONDON, ON",Volleyball,1
"LONG BEACH, CA",Snowboard,1
"LONG BEACH, CA",Volleyball,1
LONGCHANG,Shooting,1
"LONGUEUIL, QC",Trampoline Gymnastics,1
LORENSKOG,Snowboard,1
LORIENT,Handball,1
"LOS ANGELES, CA",Baseball/Softball,1
"LOS ANGELES, CA",Equestrian,1
"LOS ANGELES, CA",Fencing,1
"LOS ANGELES, CA",Football,1
LOT-ET-GARONNE,Rugby Sevens,1
LUBECK,Judo,1
LUBLIN,Sport Climbing,1
LUENEN,Rowing,1
LUHANSK,Diving,1
LUOHE,Rowing,1
LUSAKA,Athletics,1
LUZHOU,Cycling BMX Freestyle,1
LVIV,Canoe Sprint,1
LVIV,Karate,1
LVIV,Tennis,1
LVIV,Wrestling,1
LYNGBY,Swimming,1
LYON,Rowing,1
LYON,Taekwondo,1
M?NSTERLINGEN,Sailing,1
MAASTRICHT,Cycling Road,1
MACAE,Swimming,1
MACHATSJKALA (DAGESTAN),Taekwondo,1
"MACKAY, QLD",Basketball,1
MADE,Rowing,1
MADRID,Artistic Swimming,1
MADRID,Canoe Sprint,1
MADRID,Handball,1
MADRID,Sailing,1
MADRID,Shooting,1
MAGDEBURG,Swimming,1
ZAPOROZHYE,Rhythmic Gymnastics,1
MAGNITOGORSK,Ice Hockey,1
"MAGOG, QC",Freestyle Skiing,1
MAICAO,Athletics,1
MAIDENHEAD,Rowing,1
AKITA,Badminton,1
ZILGI,Wrestling,1
MAINZ,Equestrian,1
MAIQUETIA,Weightlifting,1
MAISONS-LAFFITTE,Handball,1
"MAITLAND, NSW",Rowing,1
MAKASSAR,Weightlifting,1
ADANA,Taekwondo,1
MAKUENI COUNTY,Athletics,1
ZYKOVY,Cross-Country Skiing,1
"MALIBU, CA",Skateboarding,1
MALSELV,Alpine Skiing,1
MALUNG,Curling,1
"ABBOTSFORD, BC",Rugby Sevens,1
MANCHESTER,Athletics,1
MANCHESTER,Sailing,1
ZARAGOZA,Football,1
ZAVETY ILYICHA,Volleyball,1
MANNHEIM,Hockey,1
"MAPLE RIDGE, BC",Baseball/Softball,1
"MAPLEWOOD, MN",Ice Hockey,1
MAR DEL PLATA,3x3 Basketball,1
MARBELLA,Boxing,1
ZAVOLZHYE,Rhythmic Gymnastics,1
MARILIA,Athletics,1
MARINO,Athletics,1
"MARKHAM, ON",Football,1
ZEIST,Hockey,1
MARSEILLE,Fencing,1
ZELL AM SEE,Alpine Skiing,1
MARTIGUES,Rugby Sevens,1
MARTINEZ,Hockey,1
MARTORELL,Football,1
"MARYBOROUGH, VIC",Basketball,1
"MARYVILLE, IL",Volleyball,1
MASSY,Handball,1
MASSY,Rugby Sevens,1
MASTERTON,Tennis,1
ZHANGZHOU,Sailing,1
MATANZAS,Wrestling,1
MATARO,Water Polo,1
MATLOCK,Rowing,1
ZHEJIANG,Canoe Sprint,1
"MATSUMOTO, NAGANO",Judo,1
MAYKOP,Handball,1
MAZANDARAN,Wrestling,1
MAZATLAN,Boxing,1
ZHENGZHOU,Boxing,1
ZHENGZHOU,Trampoline Gymnastics,1
ZIBO,Artistic Gymnastics,1
MEISSEN,Canoe Slalom,1
ZIBO,Shooting,1
AKUREYRI,Volleyball,1
AL-ISMAILIYAH,Weightlifting,1
"ALANIA, NORTH OSSETIA",Judo,1
"MELBOURNE, VIC",Snowboard,1
"MELBOURNE, VIC",Swimming,1
"ALANIA, REPUBLIC OF NORTH-OSSETIA",Judo,1
ALBI,Boxing,1
MELNIK,Canoe Slalom,1
ALBISOLA SUPERIORE,Volleyball,1
MENDOZA,Rugby Sevens,1
"ALBURY, NSW",Basketball,1
MERAKER,Cross-Country Skiing,1
ALCALA DE HENARES,Taekwondo,1
"MERCED, CA",Baseball/Softball,1
MERIDA,Football,1
ALELLA,Football,1
"MESA, AZ",Football,1
MESAGNE,Taekwondo,1
MESCHDURETSCHENSKI,Cross-Country Skiing,1
"METAIRIE, LA",Shooting,1
METRO,Weightlifting,1
METTEMANN,Rowing,1
METZ,Equestrian,1
"ALEXANDRIA, VA",Athletics,1
ALFORTVILLE,Handball,1
MEZOTUR,Canoe Sprint,1
"MIAMI BEACH, FL",Baseball/Softball,1
"MIAMI, FL",Athletics,1
ALICANTE,Football,1
"MIAMI, FL",Basketball,1
"MIAMI, FL",Water Polo,1
MIAO-LI,Golf,1
MICHALOVCE,Ice Hockey,1
MIDDLESBROUGH,Cycling Track,1
MIE,Artistic Gymnastics,1
MIKI,Badminton,1
ALMATY,Artistic Gymnastics,1
MILAN,Athletics,1
MILAN,Fencing,1
MILAN,Short Track Speed Skating,1
"MILDURA, VIC",Hockey,1
MILLINGEN AAN DE RIJN,Rowing,1
ALMATY,Boxing,1
MINDELHEIM,Alpine Skiing,1
"MINEOLA, NY",Diving,1
MINERALNYE VODY,3x3 Basketball,1
ALMATY,Judo,1
MINSK,Freestyle Skiing,1
MINSK,Ice Hockey,1
MINSK,Rhythmic Gymnastics,1
MINSK,Rowing,1
MIRANO,Cycling Track,1
ALMATY,Weightlifting,1
ALMERE,Sailing,1
ALMUSSAFES,Football,1
"MISSISSAUGA, ON",Football,1
"MISSISSAUGA, ON",Ice Hockey,1
ALTDORF,Cycling Mountain Bike,1
"ALTON, HAMPSHIRE",Equestrian,1
MITROVICA,Judo,1
MIYAZAKI,Skateboarding,1
MJOLBY,Football,1
ALZANO LOMBARDO,Snowboard,1
MOCACHE,Wrestling,1
MODENA,Artistic Gymnastics,1
AMBALA,Shooting,1
"AMHERST, MA",Diving,1
"AMHERST, NY",Artistic Swimming,1
MOGILEV,Trampoline Gymnastics,1
MONACO,Rugby Sevens,1
MONASTIR,Taekwondo,1
AMSTELVEEN,Hockey,1
MONCALIERI,Volleyball,1
MONCHEGORSK,Freestyle Skiing,1
MONCHENGLADBACH,Hockey,1
MONCHENGLADBACH,Rowing,1
MONT-SAINT-MARTIN,Handball,1
MONT-SAINT-MARTIN,Karate,1
MONTAGU,Rugby Sevens,1
MONTBRISON,Figure Skating,1
MONTEGO BAY,Athletics,1
MONTEGO BAY,Rowing,1
MONTERREY,Diving,1
"MONTGOMERY, AL",Baseball/Softball,1
MONTIGNY-L?S-METZ,Football,1
AMSTELVEEN,Rowing,1
AMSTERDAM,3x3 Basketball,1
MONTPELLIER,Volleyball,1
"MONTREAL, QC",Athletics,1
AMSTERDAM,Athletics,1
"MONTREAL, QC",Judo,1
"MONTREAL, QC",Rowing,1
ANCONA,Fencing,1
ANCONA,Rhythmic Gymnastics,1
"MONTREAL, QC",Tennis,1
ANDIJAN,Boxing,1
MORLAIX,Fencing,1
MORON,Volleyball,1
MORPETH,Cycling Track,1
"MORRISTOWN, NJ",Football,1
"ANDOVER, MI",Ice Hockey,1
MORTEAU,Handball,1
MORTSEL,Judo,1
MORUNGABA,Football,1
MOSCOW,3x3 Basketball,1
ANGARSK,Ice Hockey,1
MOSCOW,Athletics,1
MOSCOW,Beach Volleyball,1
ANGERS,Equestrian,1
ANGERS,Football,1
ANHUI,Swimming,1
ANKARA,Boxing,1
ANKARA,Shooting,1
MOSCOW,Rowing,1
MOSCOW,Short Track Speed Skating,1
MOSCOW,Speed Skating,1
"ANN ARBOR, MI",Figure Skating,1
ANNABERG-BUCHHOLZ,Nordic Combined,1
MOSCOW,Volleyball,1
MOSCOW,Water Polo,1
MOSHAV AVIHAYIL,Sailing,1
MOTTOLA,Athletics,1
"MOUNT BARKER, SA",Basketball,1
MOUNT ELGON,Athletics,1
ANNECY,Alpine Skiing,1
"MOUNT LAWLEY, WA",Swimming,1
ANNECY,Cross-Country Skiing,1
ANNEMASSE,Rowing,1
MTHATA,Rugby Sevens,1
MTSKHETA,Wrestling,1
MUEHLDORF AM INN,Bobsleigh,1
"ANREN TOWN, LONGQUAN CITY",Swimming,1
MUHLDORF AM INN,Athletics,1
MUHLHAUSEN,Athletics,1
MUHLHEIM,Rowing,1
MULHEIM AN DER RUHR,Hockey,1
MULHOUSE,Equestrian,1
ANSHAN,Badminton,1
ANTRIM,Artistic Gymnastics,1
MUNAKATA,Fencing,1
"MUNDELEIN, IL",Athletics,1
ANYANG,Judo,1
MUNICH,Biathlon,1
MUNICH,Judo,1
AOSTA,Cross-Country Skiing,1
MUNICH,Sailing,1
MUNICH,Volleyball,1
MURAKAMI,Snowboard,1
MURCIA,Football,1
APELDOORN,Rowing,1
MUROM,Cross-Country Skiing,1
MURUN CITY,Judo,1
MUURAME,Ice Hockey,1
APT,Handball,1
MYOKO,Snowboard,1
MYSA,Ski Jumping,1
MYTILENE,Rowing,1
MÃ“STOLES,Judo,1
"NA'ALEHU, HI",Bobsleigh,1
NACKA,Sailing,1
NAGANO,Baseball/Softball,1
NAGAOKAKYO,Athletics,1
ARACAJ?,Beach Volleyball,1
NAGOYA,Equestrian,1
"ARBUTUS, MD",Volleyball,1
NAITASIRI,Rugby Sevens,1
NAKAGAWA,Baseball/Softball,1
ARGENTEUIL,Athletics,1
"NANAIMO, BC",Athletics,1
NANAO,Basketball,1
"NANCHANG, JIANGXI",Swimming,1
NANCY,Archery,1
"ARKHILOSKALO, GUDAMAKARI",Judo,1
NANJING,Wrestling,1
NANTONG,Artistic Gymnastics,1
"NAPERVILLE, IL",Football,1
"NAPERVILLE, IL",Volleyball,1
"ARLINGTON HEIGHTS, IL",Ice Hockey,1
NAPIER,Rugby Sevens,1
NAPLES,Fencing,1
ARNEDO,Football,1
NAQARAWAI,Rugby Sevens,1
ARNHEM,Athletics,1
NARITA,Boxing,1
NARVA,Ice Hockey,1
ARNHEM,Rowing,1
ARNSBERG,Skeleton,1
ASAHIKAWA,Athletics,1
NASINU,Rugby Sevens,1
ASAHIKAWA,Basketball,1
"NATICK, MA",Rugby Sevens,1
NAUSORI,Rugby Sevens,1
NAVUNIMONO,Rugby Sevens,1
NAXCIVAN,Wrestling,1
NELSON,Cycling Track,1
NESTEROVSKAYA,Wrestling,1
ASAHIKAWA,Curling,1
NETISHYN,Fencing,1
NEU-ULM,Baseball/Softball,1
NEUENKIRCH,Rowing,1
NEUILLY-SUR-SEINE,Football,1
NEUNKIRCHEN,Judo,1
NEUSTADT AN DER WEINSTRA?E,Triathlon,1
NEVSEHIR,Boxing,1
ASAKA,Basketball,1
"NEW GLASGOW, NS",Ice Hockey,1
"NEW LENOX, IL",Water Polo,1
ASCOT,Canoe Slalom,1
"ASHBURN, VA",Football,1
NEW TAIPEI,Boxing,1
"NEW TECUMSETH, ON",Football,1
"NEW WESTMINSTER, BC",Rowing,1
"NEW WESTMINSTER, BC",Rugby Sevens,1
"NEW YORK CITY, NY",Football,1
"ASHBURN, VA",Freestyle Skiing,1
ASHGABAT,Weightlifting,1
ASHTON-UNDER-LYNE,Diving,1
"ASPEN, CO",Freestyle Skiing,1
"NEWARK, DE",Swimming,1
ASSEN,Cycling Track,1
ASTANA,Boxing,1
NEWCASTLE,Cycling BMX Freestyle,1
NEWCASTLE-UNDER-LYME,Cycling Track,1
ATHENS,Athletics,1
"NEWMARKET, ON",Ice Hockey,1
"NEWPORT BEACH, CA",Football,1
"NEWPORT BEACH, CA",Freestyle Skiing,1
ATHENS,Swimming,1
NICE,Alpine Skiing,1
NICE,Football,1
"ATLANTA, GA",Basketball,1
NIKSIC,Volleyball,1
"ATLANTA, GA",Swimming,1
"ATSBI WENBERTA, TIGRAY",Athletics,1
NIORT,Handball,1
ATTARI,Hockey,1
NIS,Handball,1
AUBENAS,Handball,1
NITEROI,Sailing,1
NITILSUKH,Boxing,1
AUBERGENVILLE,Rowing,1
NITRA,Shooting,1
NIVALA,Ice Hockey,1
NIVELLES,Hockey,1
AUCH,Rugby Sevens,1
NIZHNEKAMSK,Ice Hockey,1
NIZHNEVARTOVSK,Volleyball,1
NIZHNY NOVGOROD,Speed Skating,1
"NORTH CHARLESTON, SC",Basketball,1
"NORTH READING, MA",Ice Hockey,1
"NORTH VANCOUVER, BC",Freestyle Skiing,1
"NORTH YORK, ON",Rowing,1
NORTHAMPTON,Rowing,1
"NORTHBROOK, IL",Ice Hockey,1
"AUCHENFLOWER, QLD",Swimming,1
AUCKLAND,Athletics,1
NOUMEA,Swimming,1
AUCKLAND,Curling,1
NOVA VENECIA,Football,1
NOVE MESTO NA MORAVE,Speed Skating,1
NOVI SAD,3x3 Basketball,1
NOVI SAD,Basketball,1
AUCKLAND,Tennis,1
NOVOKUYBYSHEVSK,Volleyball,1
AUGSBERG,Canoe Slalom,1
AUGSBURG,Canoe Slalom,1
NOWY S?CZ,Volleyball,1
NOWY SACZ,Canoe Slalom,1
NOWY TARG,Ski Jumping,1
NUKUILAU,Rugby Sevens,1
AURAY,Rugby Sevens,1
NUREMBURG,Hockey,1
NURTINGEN,Judo,1
"NYACK, NY",Baseball/Softball,1
NYKOPING,Equestrian,1
NYKOPING,Sailing,1
NYMBURK,Canoe Sprint,1
"O'FALLON, MO",Ice Hockey,1
"OAK LAWN, IL",Ice Hockey,1
"OAK PARK, IL",Speed Skating,1
"OAKLAND, CA",Basketball,1
OBERAUDORF,Ski Jumping,1
OBERSTDORF,Alpine Skiing,1
"AURORA, CO",Volleyball,1
AVESTA,Football,1
OBNINSK,Swimming,1
"OBWARI VILLAGE, KISII",Athletics,1
AVIGNON,Rugby Sevens,1
"OCEANSIDE, CA",Athletics,1
AVILES,Handball,1
"OCEANSIDE, CA",Volleyball,1
OCHO RIOS,Athletics,1
OCHSENFURT,Bobsleigh,1
AVOLA,Karate,1
AYLESBURY,Cycling Track,1
BA BA,Rugby Sevens,1
ODESSA,Tennis,1
ODINTSOVO,Wrestling,1
OESTERSUND,Biathlon,1
OFFENBACH AM MAIN,Triathlon,1
OH,Athletics,1
BABAEVO,Biathlon,1
OITA,Fencing,1
BABAYURT,Boxing,1
BABRUYSK,Wrestling,1
OKINAWA,Karate,1
OKINAWA,Wrestling,1
OLDENBURG,Football,1
OLDENBURG,Sailing,1
OLIVARES,Football,1
OLOMOUC,Fencing,1
OLOVO,Volleyball,1
OMSK,Ice Hockey,1
BACKNANG,Judo,1
OMSK,Swimming,1
ON,Rowing,1
ONITSHA,Athletics,1
ONSALA,Sailing,1
OOSTERHOUT,Hockey,1
ORANGE,Football,1
BAD AIBLING,Bobsleigh,1
ORISTANO,Athletics,1
BAD HONNEF,Football,1
ORISTANO,Volleyball,1
"ORLANDO, FL",Athletics,1
"ORLANDO, FL",Breaking,1
ORNSKOLDSVIK,Football,1
ORYOL,Ice Hockey,1
ORZINUOVI,Artistic Gymnastics,1
BAD NEUENAHR-AHRWEILER,Canoe Slalom,1
OSAKA,Judo,1
OSAKA,Karate,1
OSAKA,Skateboarding,1
OSAKA,Swimming,1
OSAKA,Wrestling,1
OSASCO,Boxing,1
OSASCO,Football,1
OSH,Boxing,1
"OSHAWA, ON",Bobsleigh,1
"OSHAWA, ON",Football,1
OSIJEK,Tennis,1
OSKEMEN,Fencing,1
"OSKOSH, WI",Basketball,1
OSLO,Alpine Skiing,1
BAD REICHENHALL,Ski Jumping,1
BAD SODEN AM TAUNUS,Equestrian,1
BAD SODEN AM TAUNUS,Football,1
BADALONA,Football,1
BAENA,Shooting,1
OSLO,Sailing,1
OSTERCAPPELN,Rowing,1
OSTERSUND,Freestyle Skiing,1
OSTERSUND,Sailing,1
OSTRAVA,Athletics,1
OSTROLEKA,Volleyball,1
BAERUM,Freestyle Skiing,1
"OTTAWA, ON",Tennis,1
OUDERKERK AAN DE AMSTEL,Rowing,1
BAERUMS,Nordic Combined,1
BAHIA BLANCA,Hockey,1
OXFORD,Canoe Sprint,1
PADUA,Rowing,1
PAGET,Triathlon,1
BAHIA BLANCA,Rugby Sevens,1
PALERMO,Volleyball,1
PALMA DE MALLORCA,Football,1
PALMERSTON NORTH,Cycling Track,1
PALMERSTON NORTH,Rugby Sevens,1
BALA-SARUU,Wrestling,1
PAMPLONA,Football,1
PAMPLONA,Handball,1
PANAMA CITY,Boxing,1
"PANAMA CITY, FL",Swimming,1
PANCEVO,Water Polo,1
BALIKESIR,Wrestling,1
"PANORAMA CITY, CA",Volleyball,1
"BALTIMORE, MD",Swimming,1
PARAIBA,Taekwondo,1
PARAMARIBO,3x3 Basketball,1
PARIS,Athletics,1
"BALTIMORE, MD",Wrestling,1
BANDAR SERI BEGAWAN,Swimming,1
PARIS,Football,1
BANDUNG,Weightlifting,1
BANI,Baseball/Softball,1
BANJUL,Beach Volleyball,1
PARIS,Shooting,1
BAODING,Boxing,1
PARIS,Weightlifting,1
"PARK RIDGE, IL",Triathlon,1
PARKANO,Ice Hockey,1
"PARKER, CO",Basketball,1
PASCANI,Rowing,1
PATRAS,Water Polo,1
"BAODING, HEBEI",Swimming,1
PAU,Handball,1
BARAHONA,Athletics,1
BARNAUL,Rhythmic Gymnastics,1
"PEEBLES, SCOTLAND",Equestrian,1
PEJA,Judo,1
"PELHAM, NH",Ice Hockey,1
"PEMBROKE PINES, FL",Athletics,1
PEMBURY,Rowing,1
PENGLAI,Athletics,1
BARNET,Equestrian,1
"BAROSSA VALLEY, SA",Basketball,1
PENZA,Ice Hockey,1
PERASEINAJOKI,Ice Hockey,1
PERCHTOLDSDORF,Sailing,1
PEREIRA,Athletics,1
PERM,Ski Jumping,1
PERPIGNAN,Handball,1
PERPIGNAN,Rugby Sevens,1
BARRA BONITA,Football,1
PERTH,Sailing,1
"PERTH, WA",Basketball,1
"PERTH, WA",Cycling Track,1
"PERTH, WA",Hockey,1
"PERTH, WA",Surfing,1
BARRA DO CORDA,Volleyball,1
BASILDON,Artistic Gymnastics,1
PERTUIS,Fencing,1
PERVOMAISKY,Freestyle Skiing,1
PESOCHNOE,Biathlon,1
PETERBOROUGH,Artistic Gymnastics,1
PETERSFIELD,Cycling Track,1
PETRER,Handball,1
PETRICH,Wrestling,1
BASSAN,Cycling BMX Freestyle,1
PETROZAVODSK,Rhythmic Gymnastics,1
PETROZAVODSK,Taekwondo,1
"PHILADELPHIA, PA",Athletics,1
"PHILADELPHIA, PA",Basketball,1
"PHILADELPHIA, PA",Bobsleigh,1
"PHILADELPHIA, PA",Rugby Sevens,1
BASSE-TERRE,Volleyball,1
"PHOENIX, AZ",Figure Skating,1
PIANO DI SORRENTO,Volleyball,1
"PICKERING, ON",Football,1
PIEST'ANY,Water Polo,1
PIETERSAARI,Ice Hockey,1
PIEVE DI CADORE,Curling,1
PINAR DEL RIO,Boxing,1
BASSECOURT,Equestrian,1
BATAISK,Judo,1
PISA,Fencing,1
"PITTSBURGH, PA",Baseball/Softball,1
"PITTSBURGH, PA",Rowing,1
"PITTSBURGH, PA",Short Track Speed Skating,1
BAURU,Football,1
"PLACENTIA, CA",Baseball/Softball,1
"PLANO, TX",Artistic Gymnastics,1
"PLANTATION, FL",Diving,1
"PLEASANTON, CA",Baseball/Softball,1
BAYAGUANA,Athletics,1
POCHEON,Judo,1
PODOLSK,Figure Skating,1
BAYAGUANA,Weightlifting,1
"POINT PLEASANT, NJ",Baseball/Softball,1
POINTE-A-PITRE,Fencing,1
BAZA,Cycling Mountain Bike,1
BAZHOU,Artistic Swimming,1
BEASAIN,Football,1
"BEAUFORT, SC",Rugby Sevens,1
PONGOLA,Rugby Sevens,1
PONTA GROSSA,Football,1
PONTA GROSSA,Volleyball,1
PONTE SAN PIETRO,Artistic Gymnastics,1
BEAUNE,Handball,1
PONTEDERA,Cycling Track,1
"BEAVERLODGE, AB",Curling,1
PONTIANAK,Sport Climbing,1
PONTOISE,Rugby Sevens,1
POOLE,Sailing,1
POPRAD,Ice Hockey,1
PORDENONE,Weightlifting,1
PORDERNONE,Cycling Track,1
PORI,Ice Hockey,1
PORI,Swimming,1
BEDFORD,Cycling Track,1
POROPRO,Rugby Sevens,1
PORSGRUNN,Handball,1
BEHSHAHR,Wrestling,1
PORT MORANT,Athletics,1
BEIJING,Archery,1
"PORTLAND, OR",Basketball,1
BEIJING,Artistic Swimming,1
BEIJING,Badminton,1
PORTO ALEGRE,Surfing,1
PORTO ALEGRE,Volleyball,1
PORTO NOVO,Athletics,1
PORTSMOUTH,Cycling BMX Freestyle,1
"PORTSMOUTH, NH",Freestyle Skiing,1
POSIO,Ice Hockey,1
POTSDAM,Figure Skating,1
POTSDAM,Triathlon,1
"POWAY, CA",3x3 Basketball,1
"POWAY, CA",Basketball,1
POZEGA,Handball,1
PRAGUE,Athletics,1
PRAGUE,Canoe Sprint,1
PRAGUE,Fencing,1
PRAGUE,Snowboard,1
PRESIDENTE PRUDENTE,Football,1
PRESTON,Athletics,1
PRIBOJ,Basketball,1
BEIJING,Diving,1
"PRINCETON, IN",Basketball,1
PRISTINA,Volleyball,1
PROKHLADNY,Athletics,1
PROKOPYEVSK,Ice Hockey,1
PURMEREND,Water Polo,1
PUSIR GRANDE,Weightlifting,1
BEIJING,Trampoline Gymnastics,1
PYATIGORSK,Volleyball,1
QAZVIN,Taekwondo,1
BELCHATOW,Judo,1
QIQIHAR,Table Tennis,1
BELFAST,Rowing,1
QLD,Canoe Sprint,1
BELFAST,Swimming,1
"QUEBEC CITY, QC",Freestyle Skiing,1
"QUEBEC CITY, QC",Ice Hockey,1
"QUEBEC, QC",Football,1
BELFORD ROXO,Football,1
QUZHOU,Badminton,1
BELGRADE,Shooting,1
BELGRADE,Taekwondo,1
RACIBORZ,Wrestling,1
BELGRADE,Tennis,1
RAMAT GAN,Sailing,1
RAMOS ARIZPE,Archery,1
"RANCHO SANTA FE, CA",Tennis,1
BELLEY,Biathlon,1
RASEINIAI,3x3 Basketball,1
RAUMA,Ice Hockey,1
RAVITAKI,Rugby Sevens,1
RAWICZ,Athletics,1
RECIFE,Football,1
"RED DEER, AB",Swimming,1
"BELLFLOWER, CA",Baseball/Softball,1
"REDDING, CA",Football,1
"REDONDO BEACH, CA",Figure Skating,1
"REDONDO BEACH, CA",Triathlon,1
"REGINA, SK",Bobsleigh,1
"REGINA, SK",Snowboard,1
REIMS,3x3 Basketball,1
REIMS,Basketball,1
REIMS,Cycling Mountain Bike,1
REMIREMONT,Alpine Skiing,1
RENDSBURG,Archery,1
BELLHEIM,Athletics,1
BELO HORIZONTE,Football,1
BEMMEL,Rowing,1
"RENO, NV",Cycling BMX Freestyle,1
"RENO, NV",Freestyle Skiing,1
"RENO, NV",Rugby Sevens,1
BENDER,Fencing,1
"RENTON, WA",Basketball,1
RHEINFELDEN,Shooting,1
RHO,Rhythmic Gymnastics,1
RIACHO DE SANTANA,Football,1
RIBEIRA,Athletics,1
"BENDIGO, VIC",Swimming,1
BENI MELLAL,Football,1
"RIDGEWOOD, NJ",Golf,1
RIGA,Luge,1
RIIHIMAKI,Ice Hockey,1
RIJEKA,Water Polo,1
BENSHEIM,Handball,1
BENSHEIM,Table Tennis,1
RINGE,Handball,1
BENTIVOGLIO,Rhythmic Gymnastics,1
RIO CASCA,Football,1
BEPPU,Fencing,1
BERDSK,Biathlon,1
RIO DE JANEIRO,Judo,1
BEREZNIKI,3x3 Basketball,1
RIO PIEDRAS,Baseball/Softball,1
BERGAMO,Alpine Skiing,1
RISHON LEZION,Rhythmic Gymnastics,1
"RIVERDALE, NJ",Fencing,1
"RIVERSIDE, IL",Volleyball,1
BERGEN,Alpine Skiing,1
BERGEN,Triathlon,1
"ROADE, NORTHAMPTONSHIRE",Equestrian,1
ROANNE,3x3 Basketball,1
"ROCHESTER, NY",Freestyle Skiing,1
ROCKANJE,Sailing,1
BERGERAC,Rugby Sevens,1
RODEZ,Basketball,1
RODOVRE,Ice Hockey,1
BERGH,Sailing,1
BERKEL-ENSCHOT,Hockey,1
ROME,Judo,1
"BERKELEY, CA",Water Polo,1
BERLIN,Beach Volleyball,1
ROME,Swimming,1
RONDONOPOLIS,Football,1
BERLIN,Bobsleigh,1
ROQUETAS DE MAR,Football,1
BERLIN,Handball,1
ROSARIO,Volleyball,1
ROSEAU,Athletics,1
BERLIN,Sailing,1
"ROSEVILLE, CA",Baseball/Softball,1
BERLIN,Swimming,1
ROSTOV-NA-DONU,Artistic Swimming,1
ROSTOV-NA-DONU,Handball,1
ROTENBURG,3x3 Basketball,1
ROTORUA,Athletics,1
ROTORUA,Rugby Sevens,1
ROTTERDAM,Athletics,1
ROTTERDAM,Boxing,1
BERLIN,Triathlon,1
BERN,Beach Volleyball,1
BERN,Cycling Mountain Bike,1
BEROUN,Tennis,1
BESANCON,Archery,1
BESANCON,Handball,1
BESANCON,Judo,1
RUDAKI,Judo,1
RUDERSDAL,Handball,1
RUDESHEIM AM RHEIN,Handball,1
RUEIL-MALMAISON,Equestrian,1
BETANZOS,Canoe Sprint,1
RUMST,Cycling Road,1
RUSTAVI,Boxing,1
RUSTENBURG,Rugby Sevens,1
RUZAYEVKA,Wrestling,1
RYAZAN,Figure Skating,1
S?O JOS? DOS CAMPOS - SAO PAULO,Judo,1
SAARBRUCKEN,Cycling Track,1
BETSUKAI,Speed Skating,1
SABADELL,Snowboard,1
BEZIERS,Basketball,1
BEZIERS,Cycling Mountain Bike,1
"SACRAMENTO, CA",Baseball/Softball,1
SAGAMIHARA,Artistic Gymnastics,1
SAGAMIHARA,Judo,1
"SAGINAW, MI",Basketball,1
SAINT DENIS,Volleyball,1
BIALYSTOK,Athletics,1
BICESTER,Swimming,1
SAINT-BENOIT-LA-FORET,Artistic Gymnastics,1
SAINT-BRIEUC,Handball,1
"SAINT-CLAUDE, GUADELOUPE",Handball,1
SAINT-CLOUD,Basketball,1
SAINT-DIZIER,Judo,1
SAINT-GERMAIN-EN-LAYE,Fencing,1
SAINT-GERMAN-EN-LAYE,Fencing,1
SAINT-LAURENT-DU-MARONI (FRENCH GUIANA),Breaking,1
SAINT-MALO,Canoe Slalom,1
BIELEFELD,Cycling Track,1
SAINT-PRIEST-EN-JAREZ,Modern Pentathlon,1
BIELEFELD,Handball,1
BILBAO,3x3 Basketball,1
SAINT-RENAN,Handball,1
BIRKENHEAD,Swimming,1
BIRMINGHAM,Boxing,1
BISHKEK,Volleyball,1
SAINTES,Cycling BMX Racing,1
SAITAMA,Wrestling,1
"SALINA, KS",Football,1
SALLANCHES,Cross-Country Skiing,1
SALLENT DE LLOBREGAT,Football,1
SALSK,Rowing,1
BIYSK,Volleyball,1
"SALT LAKE CITY, UT",Rugby Sevens,1
SALTA,Hockey,1
BIZEN,Baseball/Softball,1
SALVADOR,Marathon Swimming,1
SALZBURG,Ski Jumping,1
BJELOVAR,Shooting,1
SAMARA,Handball,1
SAMARA,Tennis,1
SAMARKAND,Judo,1
BLACHOWNIA,Volleyball,1
BLACKWOOD,Taekwondo,1
SAN CRISTOBAL,Baseball/Softball,1
BLARICUM,Rowing,1
BOBLINGEN,Wrestling,1
"SAN DIEGO, CA",Baseball/Softball,1
"SAN DIEGO, CA",Golf,1
"SAN DIEGO, CA",Rugby Sevens,1
"BOCA RATON, FL",Surfing,1
"SAN DIEGO, CA",Water Polo,1
"SAN DIEGO, CA",Weightlifting,1
"SAN DIMAS, CA",Football,1
SAN FELIPE DE PUERTO PLATA,Baseball/Softball,1
SAN FERNANDO,Hockey,1
"SAN FRANCISCO, CA",Baseball/Softball,1
BOCHOLT,Football,1
BODEGRAVEN,Swimming,1
SAN GIOVANNI IN PERSICETO,Volleyball,1
"SAN JOSE, CA",Figure Skating,1
"SAN JOSE, CA",Football,1
BOJNICE,Canoe Sprint,1
SAN JUAN DE LA MAGUANA,Athletics,1
SAN JUAN Y MARTINEZ,Boxing,1
SAN MIGUEL,Shooting,1
BOLLNAS,Freestyle Skiing,1
SAN MINIATO,Volleyball,1
SAN NICOLAS DE LOS GARZA,Football,1
SAN PEDRO,Sailing,1
SAN PEDRO DE MACORIS,Baseball/Softball,1
SAN PEDRO DE MACORIS,Weightlifting,1
"SAN RAMON, CA",Athletics,1
"SAN RAMON, CA",Water Polo,1
SAN SEBASTIAN,Canoe Slalom,1
SAN SEBASTIAN,Football,1
BOLOGNA,Shooting,1
SANDVIKEN,Alpine Skiing,1
"SANDY, UT",Swimming,1
SANKT GALLEN,Cycling Mountain Bike,1
SANKT VEIT,Rowing,1
SANT QUIRZE DEL VALLES,Handball,1
"SANTA BARBARA, CA",Water Polo,1
SANTA CLARA,Wrestling,1
"SANTA CLARITA, CA",Volleyball,1
SANTA CRUZ,Boxing,1
SANTA CRUZ,Cycling BMX Freestyle,1
"SANTA CRUZ, CA",Baseball/Softball,1
"SANTA CRUZ, CA",Swimming,1
SANTA FE,Volleyball,1
"SANTA MONICA, CA",Surfing,1
SANTA PERPETUA DE MOGODA,Football,1
BOLOGNA,Tennis,1
BONAO,Baseball/Softball,1
BONDY,Judo,1
SANTIAGO DE CUBA,Taekwondo,1
SANTIAGO DE CUBA,Volleyball,1
SANTIAGO DE LOS CABALLEROS,Baseball/Softball,1
BONHEIDEN,Hockey,1
SANTO DOMINGO,Artistic Gymnastics,1
BONN,Canoe Sprint,1
SANTO DOMINGO,Boxing,1
SAO GONCALO DO AMARANTE,Football,1
SAO JOAQUIM DA BARRA,Athletics,1
SAO JOSE DO RIO PRETO,Volleyball,1
SAO PAULO,Artistic Gymnastics,1
BONN,Rowing,1
SAO PAULO,Sailing,1
SAO PAULO,Tennis,1
SAO PAULO,Volleyball,1
SAO SEBASTIAO,Surfing,1
BORDEAUX,Sailing,1
SAPPORO,Basketball,1
"SARASOTA, FL",Rowing,1
"SARASOTA, FL",Swimming,1
BORGERHOUT,Football,1
SARIOSIYO,Boxing,1
SARYAGHASH,Karate,1
SASEBO,Baseball/Softball,1
"SASKATOON, SK",Baseball/Softball,1
"SASKATOON, SK",Ice Hockey,1
SAULIEU,Equestrian,1
"SAULT STE. MARIE, MI",Ice Hockey,1
SAUNAMARA,Hockey,1
SAVUSAVU,Rugby Sevens,1
SAYLYK,Weightlifting,1
BOUAKE,Taekwondo,1
"BOULDER, CO",Sport Climbing,1
"SCARBOROUGH, ON",Ice Hockey,1
BOULOGNE-BILLANCOURT,Fencing,1
"SCARBOROUGH, ONTARIO",Swimming,1
SCHANGNAU,Alpine Skiing,1
SCHARDING,Athletics,1
SCHIJNDEL,Hockey,1
SCHLADMING,Cross-Country Skiing,1
BOURG-LE-REINE,Basketball,1
SCHMALKALDEN,Biathlon,1
SCHWABISCH GMUND,Handball,1
"SCHWALEFELD, WILLINGEN",Ski Jumping,1
SCHWARZACH,Alpine Skiing,1
SCHWARZACH,Ski Jumping,1
SCHWERIN,Rowing,1
SCHWYZ,Alpine Skiing,1
"SCOTTSDALE, AZ",Basketball,1
BOURG-SAINT-MAURICE,Freestyle Skiing,1
"SEAL BEACH, CA",Water Polo,1
"SEATTLE, WA",Canoe Sprint,1
SELKIRK,Hockey,1
SENDAI,Skateboarding,1
BOURG-SAINT-MAURICE,Snowboard,1
SEOUL,Archery,1
SEOUL,Artistic Swimming,1
SEOUL,Badminton,1
SEOUL,Fencing,1
"BRADENTON, FL",Golf,1
BRADFORD,Athletics,1
SEOUL,Modern Pentathlon,1
SEOUL,Shooting,1
BRADFORD,Boxing,1
SEOUL,Speed Skating,1
SERANG,Weightlifting,1
SERGIEV POSAD,Biathlon,1
"BRANDON, MB",Cycling Track,1
SEVILLE,Football,1
SEVRAN,Football,1
BRAS?LIA,Judo,1
SEVRES,Football,1
SHANDONG,Canoe Sprint,1
SHANDONG,Judo,1
SHANDONG,Rowing,1
SHANDONG,Shooting,1
SHANDONG,Swimming,1
SHANDONG,Wrestling,1
BRASILIA,Judo,1
SHANGHAI,Athletics,1
SHANGHAI,Cycling Track,1
BRASILIA,Volleyball,1
SHANGHAI,Rowing,1
BRATISLAVA,Canoe Slalom,1
SHANGHAI,Tennis,1
BRCKO,Volleyball,1
SHANXI PROVINCE,Shooting,1
"BREA, CA",Baseball/Softball,1
BREGENZ,Sailing,1
SHEFFIELD,Athletics,1
"SHELBURNE, VT",Freestyle Skiing,1
SHELL,Weightlifting,1
BREMEN,Marathon Swimming,1
SHENZHEN,Rowing,1
SHENZHEN,Swimming,1
"SHERBROOKE, QC",Freestyle Skiing,1
BREMEN,Sailing,1
SHIJIAZHUANG,Athletics,1
SHIJIAZHUANG,Boxing,1
BREMEN,Swimming,1
SHIMONOSEKI,Judo,1
SHIMOTSUKE,Judo,1
SHIROI,Weightlifting,1
SHIYAN,Tennis,1
SHIZUOKA,Baseball/Softball,1
BRESCIA,Artistic Gymnastics,1
SHNAGHAI,Shooting,1
SHOPOKOV,Handball,1
SHYMKENT,Karate,1
SICHUAN,Artistic Swimming,1
SICHUAN,Diving,1
SICHUAN,Rhythmic Gymnastics,1
SIDENSJO,Curling,1
"SIDI BELYOUT, CASABLANCA",Football,1
SIEMIANOWICE SLASKIE,Athletics,1
BRESCIA,Canoe Slalom,1
BRESCIA,Judo,1
SILALE,3x3 Basketball,1
SIMFEROPOL,Boxing,1
SINSHEIM,Football,1
SINT-TRUIDEN,Artistic Gymnastics,1
BRESCIA,Volleyball,1
SJOBO,Shooting,1
SKALICA,Ice Hockey,1
SKANDERBORG,Handball,1
SKARZYSKO-KAMIENNA,Cycling Track,1
BRESSANONE,Alpine Skiing,1
BRESSANONE/BRIXEN,Luge,1
BREST,Basketball,1
BREST,Cycling Road,1
SLAGELSE,Cycling Track,1
SLOUGH,Hockey,1
SLOVENJ GRADEC,Snowboard,1
BREST,Sailing,1
BRIANCON,Cross-Country Skiing,1
SOBRADINHO,Athletics,1
SODERKOPING,Equestrian,1
SOERUM,Ski Jumping,1
"BRIDGEWATER, NJ",Football,1
SOISY-SOUS-MONTMORENCY,Judo,1
SOJA,Baseball/Softball,1
SOKOLOV,Tennis,1
"BRISBANE, QLD",Cycling BMX Freestyle,1
SOLLEFTEA,Cross-Country Skiing,1
SOLLENTUNA,Table Tennis,1
SOLNA,Athletics,1
SOLVESBORG,Football,1
SOMBOR,Basketball,1
"BRISBANE, QLD",Skeleton,1
SONDERBORG,Equestrian,1
BRISTOL,Hockey,1
BRNO,Fencing,1
SONIPAT,Wrestling,1
SOROCABA,Football,1
SOROCABA,Volleyball,1
BRNO,Tennis,1
"SOUTH BEND, IN",Basketball,1
"SOUTH BEND, IN",Cycling BMX Freestyle,1
"BROOKFIELD, WI",Athletics,1
"BROWNSBURG, IN",Cycling Road,1
SOUTH SHIELDS,Rowing,1
"SOUTH ST. PAUL, MN",Ice Hockey,1
"SOUTHLAKE, TX",Sport Climbing,1
SOUTHPORT,Golf,1
"SOUTHPORT, QLD",Swimming,1
"SPARKS, NV",Basketball,1
SPLIT,Judo,1
SPLIT,Sailing,1
BRUNICO-BRUNECK,Biathlon,1
SPLIT,Taekwondo,1
SPLIT,Tennis,1
BRZESKO,Sailing,1
BRZOZ?W,Volleyball,1
"SPRINGFIELD, IL",Rugby Sevens,1
"SPRINGFIELD, IL",Swimming,1
"SPRINGFIELD, MO",Volleyball,1
ST ANDREW,Athletics,1
ST CATHERINE,Athletics,1
ST HUBERT,Handball,1
ST THOMAS,Sailing,1
"ST. ALBERT, AB",Curling,1
ST. ANDREWS,Athletics,1
BUCHAREST,Fencing,1
BUCHEON,Short Track Speed Skating,1
ST. GEORGE'S,Athletics,1
"ST. JOHN'S, NL",Curling,1
BUDAPEST,Sailing,1
"ST. LOUIS, MO",Football,1
BUEA,Boxing,1
BUENOS AIRES,Karate,1
ST. PETERSBURG,Volleyball,1
ST. POELTEN,Snowboard,1
STAINS,Football,1
STAMFORD,Cycling Track,1
STANS,Alpine Skiing,1
BUENOS AIRES,Sailing,1
STARNBERG,Beach Volleyball,1
STAVANGER,Curling,1
"BUFFALO, NY",Volleyball,1
"STE-AGATHE, QC",Freestyle Skiing,1
"STE. ANNE, MB",Ice Hockey,1
STEINBACH-HALLENBERG,Cross-Country Skiing,1
STEINHAUSEN,Beach Volleyball,1
STELLENBOSCH,Rugby Sevens,1
STEVNS,Handball,1
STOCKHOLM,Beach Volleyball,1
BUGULMA,Ice Hockey,1
STOCKHOLM,Football,1
STOCKHOLM,Freestyle Skiing,1
STOCKHOLM,Judo,1
BUGULMA,Swimming,1
STOKE-ON-TRENT,Canoe Slalom,1
STOMPETOREN,Water Polo,1
STONE,Canoe Slalom,1
BUKHARA,Boxing,1
STOREN,Alpine Skiing,1
"STOUGHTON, MA",Artistic Gymnastics,1
"STRAFFORD, PA",Rowing,1
BUKWO DISTRICT,Athletics,1
"BUNDABERG, QLD",Swimming,1
"BUNDOORA, VIC",Swimming,1
STRATFORD-UPON-AVON,Rowing,1
STROMBEEK-BEVER,Football,1
BURGAS,Rhythmic Gymnastics,1
SUBIACO,Cycling Track,1
"SUBIACO, WA",Boxing,1
"SUBIACO, WA",Rowing,1
"BURLINGTON, ON",Ice Hockey,1
"SUDBURY, ON",Ice Hockey,1
"SUGAR LAND, TX",Baseball/Softball,1
"BURLINGTON, VT",Alpine Skiing,1
"BURLINGTON, VT",Rugby Sevens,1
SUMQAYIT,Karate,1
SUNDERLAND,Boxing,1
SUNDERLAND,Rowing,1
SUNDSVALL,Alpine Skiing,1
SUNDSVALL,Football,1
"BURNABY, BC",Baseball/Softball,1
"SUNSHINE COAST, QLD",Swimming,1
SUONENJOKI,Ice Hockey,1
"BURNABY, BC",Football,1
SURESNES,Fencing,1
SURESNES,Football,1
SURKHANDARYA REGION,Judo,1
"SURREY, BC",Rowing,1
SUTTON COLDFIELD,Hockey,1
SUVA,Rugby Sevens,1
SUWALKI,Athletics,1
SUWON,Badminton,1
SUWON,Fencing,1
BURSA,Boxing,1
SUZANO,Football,1
SVEG,Curling,1
SVOBODNYY,Boxing,1
SWIEBODZICE,Athletics,1
SYDNEY,Artistic Swimming,1
SYDNEY,Sailing,1
"SYDNEY, NSW",Basketball,1
"SYDNEY, NSW",Diving,1
"SYDNEY, NSW",Equestrian,1
"SYDNEY, NSW",Hockey,1
"SYDNEY, NSW",Rugby Sevens,1
"SYDNEY, NSW",Sailing,1
BURSO,Canoe Sprint,1
BURTON,Hockey,1
BURTON-ON-TRENT,Boxing,1
"SYLVA, NC",Canoe Slalom,1
"SYOSSET, NY",Basketball,1
BUSAN,Swimming,1
SZCZECIN,Sailing,1
SZEGED,Canoe Sprint,1
BUSAN,Table Tennis,1
SZEKESFEHERVAR,Water Polo,1
SZOMBATHELY,Marathon Swimming,1
T'AI-TUNG,Weightlifting,1
TACLOBAN CITY,Boxing,1
TAIPEI,Artistic Gymnastics,1
"BUSSELTON, WA",Athletics,1
CABORCA,Football,1
TAIPEI,Karate,1
TAITUNG,Weightlifting,1
TAJIMI,Boxing,1
TAKAMATSU,Fencing,1
TAKAOKA,Judo,1
TAKAPUNA,Diving,1
TAKARAZUKA,Diving,1
TAKARAZUKA,Figure Skating,1
"TALLAHASSEE, FL",Cycling Track,1
TALLINN,Fencing,1
TALLINN,Freestyle Skiing,1
"TAMPA, FL",Fencing,1
"TAMPA, FL",Rugby Sevens,1
CAERPHILLY,Boxing,1
"TAMPA, FL",Tennis,1
CAETE,Football,1
"TAMWORTH, NSW",Basketball,1
TAOYUAN,Shooting,1
TAPOLCA,Fencing,1
TAPOLCA,Modern Pentathlon,1
TARANAKI,Rugby Sevens,1
TARAZ,Judo,1
TARBES,Fencing,1
TARGOVISHTE,Shooting,1
TARNOW,Fencing,1
TARNOW,Sport Climbing,1
TARTU,Fencing,1
TASHKENT,Fencing,1
TASHKENT,Taekwondo,1
TASHKENT,Weightlifting,1
CAGAYAN DE ORO,Boxing,1
TATARESTI,Wrestling,1
TAUNTON,Rowing,1
CAGLIARI,Sailing,1
"CAIRNS, QLD",Equestrian,1
TAURANGA,Rugby Sevens,1
TAURANGA,Sailing,1
"TAVARES, FL",Baseball/Softball,1
"CAIRNS, QLD",Freestyle Skiing,1
TBILISI,Wrestling,1
TE ANAU,Trampoline Gymnastics,1
TE AWAMUTU,Cycling Track,1
TEGUESTE,Football,1
TEHRAN,Judo,1
TEHRAN,Karate,1
TEHRAN,Wrestling,1
TEL AVIV,Judo,1
TELKI,Swimming,1
TENERIFE,Taekwondo,1
TERRACINA,Rowing,1
"CAIRNS, QLD",Skateboarding,1
CAIRO,Fencing,1
CAIRO,Modern Pentathlon,1
TETERINGEN,Hockey,1
THALWIL,Beach Volleyball,1
CALAIS,Basketball,1
"CALGARY, AB",Bobsleigh,1
THE HAGUE,Short Track Speed Skating,1
THE VALLEY,Athletics,1
"CALGARY, AB",Diving,1
"CALGARY, AB",Freestyle Skiing,1
THESSALONIKI,Water Polo,1
"CALGARY, AB",Rugby Sevens,1
THURO,Handball,1
"CALGARY, BC",Rowing,1
TIANJIN,Hockey,1
TIANJIN,Skeleton,1
TIARET,Athletics,1
TIARET,Boxing,1
TILBURG,Hockey,1
TIMARU,Athletics,1
TIMARU,Rugby Sevens,1
CALIFORNIA,Wrestling,1
TIRASPOL,Artistic Gymnastics,1
TIRGU CARBUNESTI,Rowing,1
CAMAGUEY,Athletics,1
TKIBULI,Judo,1
CAMAGUEY,Boxing,1
TOCHIGI,Wrestling,1
CAMBRIDGE,Rowing,1
TOIJALA,Ice Hockey,1
TOKOROA,Rugby Sevens,1
TOKOROZAWA,Surfing,1
CAMBRIDGE/MA,Ice Hockey,1
TOKYO,Badminton,1
"CAMPBELL RIVER, BC",Rowing,1
"CAMPERDOWN, VIC",Cycling Road,1
"CAMPINAS, SAO PAULO",Football,1
TOKYO,Golf,1
CAMPO GRANDE / MATO GROSSO DO SUL,Judo,1
CAMPOSAMPIERO,Fencing,1
TOKYO,Wrestling,1
CAMPULUNG,Rowing,1
TOLILET,Athletics,1
TOLMEZZO,Cycling Track,1
TOMAKOMAI,Table Tennis,1
TOMAR,Judo,1
"TOMS RIVER, NJ",Wrestling,1
TOMSK,Biathlon,1
TONALA,Weightlifting,1
TONISVORST,Football,1
TONSBERG,Rowing,1
"TOOWOOMBA, QLD",Athletics,1
"TOOWOOMBA, QLD",Equestrian,1
TOPOLCHANE,Weightlifting,1
"CANBERRA, ACT",Basketball,1
TORONTO ON,Beach Volleyball,1
"TORONTO, ON",Alpine Skiing,1
"CANBERRA, ACT",Rowing,1
CANDELARIA,Judo,1
"TORONTO, ON",Breaking,1
CANGAS,Canoe Sprint,1
"TORONTO, ON",Ice Hockey,1
"CANMORE, AB",Rugby Sevens,1
CANTERBURY,Hockey,1
"TORONTO, ON",Ski Jumping,1
CAPE TOWN,Canoe Sprint,1
"TORRANCE, CA",Beach Volleyball,1
"TORRANCE, CA",Shooting,1
CAPE TOWN,Swimming,1
TORRE ANNUNZIATA,Boxing,1
TORREON,Football,1
TORSBY,Biathlon,1
TOULON,Sailing,1
TOULOUSE,Boxing,1
TOULOUSE,Football,1
TOULOUSE,Rugby Sevens,1
CARACAS,Athletics,1
TOULOUSE,Table Tennis,1
CARACAS,Cycling BMX Freestyle,1
TOURNAN-EN-BRIE,Handball,1
"TOWNSVILLE, QLD",Water Polo,1
TOYAMA,Skateboarding,1
CARBONERAS,Handball,1
TOYOOKA,Baseball/Softball,1
CARDIFF,Sailing,1
TRADATE,Volleyball,1
"TRAIL, BC",Baseball/Softball,1
TRAKAI,Rowing,1
TRBOVLJE,Cycling Road,1
TREBINJE,Volleyball,1
TREMBLAY-EN-FRANCE,Football,1
TREMEVEN,Canoe Slalom,1
CARMARTHEN,Cycling Track,1
TRENTO,Curling,1
CARPI,Marathon Swimming,1
CARRARA,Tennis,1
TRIER,Rowing,1
TROISDORF,Judo,1
CASALMAGGIORE,Athletics,1
TROLLHATTAN,Table Tennis,1
TROMSO,Cross-Country Skiing,1
TROMSO,Handball,1
TRONDHEIM,Curling,1
CASTELLON,Tennis,1
CASTELNUOVO DI GARFAGNANA,Tennis,1
TRSTENIK,Shooting,1
TRURO,Rowing,1
TSURIB,Wrestling,1
"TUALATIN, OR",Artistic Gymnastics,1
"TUCSON, AZ",Baseball/Softball,1
"TULARE, CA",Boxing,1
CAVAILLON,Cycling BMX Racing,1
TUNIS,Fencing,1
TUNIS,Taekwondo,1
TURBO,Weightlifting,1
TURIN,Canoe Sprint,1
TURIN,Modern Pentathlon,1
CELJE,Judo,1
TURKU,Ice Hockey,1
TURON,Football,1
TUTUME,Athletics,1
TUUSNIEMI,Ice Hockey,1
CELJE,Snowboard,1
"TWEED HEADS, NSW",Marathon Swimming,1
TYCHY,Athletics,1
TYUMEN,Ice Hockey,1
UASIN GISHU,Athletics,1
UBAITABA,Canoe Sprint,1
CELLE,Football,1
UFA,Fencing,1
UFA,Handball,1
UFA,Short Track Speed Skating,1
UGHELLI,Athletics,1
CESIS,Handball,1
CHADAN,Wrestling,1
ULSAN,Archery,1
ULSAN,Fencing,1
ULSAN,Judo,1
ULSAN,Shooting,1
CHAMBERY,Swimming,1
CHAMPIGNY-SUR-MARNE,Athletics,1
UMEA,Beach Volleyball,1
CHANGCHUN CITY,Swimming,1
UNIAO,Football,1
UNNA,Bobsleigh,1
"UPLAND, CA",Baseball/Softball,1
UPPSALA,Curling,1
URGANCH,Wrestling,1
URRETXU,Handball,1
URUAPAN,Football,1
USHARAL,Wrestling,1
UST'-ORDYNSKIY,Archery,1
CHANGZHOU,Archery,1
UTSUNOMIYA CITY,Swimming,1
CHANGZHOU,Taekwondo,1
CHARLEROI,Taekwondo,1
VAASA,Cross-Country Skiing,1
"VAIL, CO",Freestyle Skiing,1
"VAIRAO, TAHITI",Surfing,1
"CHARLOTTE, NC",3x3 Basketball,1
VALENCIA,Football,1
"CHARLOTTE, NC",Shooting,1
VALENI,Rowing,1
"VALLEYFIELD, QC",Ice Hockey,1
"CHARLOTTESVILLE, VA",Swimming,1
"VANCOUVER, BC",Football,1
"VANCOUVER, BC",Rowing,1
VANNES,Equestrian,1
"CHARLOTTETOWN, PE",Curling,1
VARANASI,Hockey,1
VAREL,Golf,1
"CHARLOTTETOWN, PE",Rugby Sevens,1
VARKAUS,Boxing,1
VARNA,Rhythmic Gymnastics,1
CHARTRES,Handball,1
"CHATEAUGUAY, QC",Diving,1
VEENENDAAL,Football,1
VEGHEL,Hockey,1
VEGHEL,Sailing,1
VELDHOVEN,Hockey,1
"CHATEAUGUAY, QC",Football,1
"VENISE-EN-QUEBEC, QC",Speed Skating,1
VENTSPILS,3x3 Basketball,1
"VENTURA, CA",Basketball,1
VERACRUZ,Football,1
VERBANIA,Canoe Sprint,1
CHATHAM,Shooting,1
VERBANIA,Cycling Track,1
VERSAILLES,Handball,1
VESOUL,Triathlon,1
"CHATTANOOGA, TN",3x3 Basketball,1
CHECHNYA,Wrestling,1
VIBORG,Handball,1
VIC,Football,1
VICENTE L?PEZ,Hockey,1
VICENZA,Speed Skating,1
CHELM,Boxing,1
"VICTORIA, BC",Baseball/Softball,1
"VICTORIA, BC",Ice Hockey,1
CHELTENHAM,Rowing,1
"VICTORIA, BC",Rugby Sevens,1
CHELYABINSK,3x3 Basketball,1
VIENNA,Water Polo,1
VILA NOVA DE GAIA,Cycling Track,1
CHELYABINSK,Taekwondo,1
CHELYABINSK,Volleyball,1
VILLAHERMOSA,Football,1
VILLARREAL,Football,1
VILLEPINTE,Basketball,1
VILLEPINTE,Judo,1
CHEONGJU,Fencing,1
VILNIUS,Athletics,1
VILNIUS,Breaking,1
VILNIUS,Modern Pentathlon,1
VILVOORDE,Athletics,1
VIRIAT,Rugby Sevens,1
VITORIA-GASTEIZ,Football,1
VITSYEBSK,Athletics,1
VLAARDINGEN,Athletics,1
VLADIKAVKAZ,Tennis,1
VLADIMIR,Rhythmic Gymnastics,1
VLADIVOSTOK,Artistic Gymnastics,1
CHEORWON,Judo,1
VOLDUM,Handball,1
CHERBOURG,Equestrian,1
"VOORHEES, NJ",Tennis,1
CHERBOURG,Handball,1
VOTKINSK,Artistic Gymnastics,1
VOTORANTIM,Football,1
CHEREPOVETS,Ice Hockey,1
VRBAS,Volleyball,1
VUKOVAR,Rowing,1
"WAGGA WAGGA, NSW",Hockey,1
WAIKATO,Rowing,1
WAITABU,Rugby Sevens,1
WAKAYAMA,Fencing,1
WAKEFIELD,Cycling Track,1
WALBRZYCH,Volleyball,1
"WALNUT CREEK, CA",Basketball,1
WARENDORF,Equestrian,1
"WARRNAMBOOL, VIC",Basketball,1
WARSAW,Athletics,1
WARSAW,Rowing,1
WARSAW,Tennis,1
CHERKASY,Artistic Gymnastics,1
CHERKASY,Shooting,1
"WASHINGTON, DC",Rowing,1
CHERNIVTSI,Fencing,1
CHESTER,Diving,1
WASSERBURG AM INN,Biathlon,1
"WATTWIL, EBNAT-KAPPEL",Snowboard,1
WEHRHEIM,Marathon Swimming,1
WEIMAR,Canoe Slalom,1
WELLINGTON,Basketball,1
WELLINGTON,Canoe Sprint,1
CHIBA,Baseball/Softball,1
"CHICAGO, IL",Basketball,1
"WELLINGTON, NSW",Rowing,1
"CHICAGO, IL",Equestrian,1
"WENATCHEE, WA",3x3 Basketball,1
WENZHOU,Badminton,1
"CHICAGO, IL",Wrestling,1
WERNIGERODE,Skeleton,1
WESEL,Equestrian,1
WEST BROMWICH,Boxing,1
WESTMINSTER,Rowing,1
"CHILLIWACK, BC",Football,1
WETHERBY,Triathlon,1
CHISINAU,Judo,1
"WHEAT RIDGE, CO",Football,1
CHISINAU,Tennis,1
"WHITE ROCK, BC",Baseball/Softball,1
"WHITE ROCK, BC",Bobsleigh,1
"WHITE SALMON, WA",Snowboard,1
"WHYALLA, SA",Cycling Track,1
CHONBURI,Badminton,1
WIJK EN AALBURG,Cycling Road,1
WILHELMSHAVEN,Handball,1
"WILLEMSTAD, CURACAO",Sailing,1
"WILLIAMSVILLE, NY",Ice Hockey,1
"WILMINGTON, DE",Artistic Swimming,1
WILRIJK,Hockey,1
WILRIJK,Short Track Speed Skating,1
WINCHESTER,Sailing,1
WINDSOR,Shooting,1
"WINDSOR, CO",Football,1
CHONGJU,Boxing,1
CHORLEY,Swimming,1
"WINNIPEG, MB",Taekwondo,1
WINTERSWIJK,Water Polo,1
WINTERTHUR,Shooting,1
WITTEN,Bobsleigh,1
WITTEN,Football,1
WLOCLAWEK,Rowing,1
CHRISTCHURCH,Canoe Sprint,1
WOIPPY,Handball,1
"WOLLONGONG, NSW",Athletics,1
"WOLLONGONG, NSW",Hockey,1
CHUNCHEON,Judo,1
CHUSOVOY,Freestyle Skiing,1
WONOGIRI,Badminton,1
"WOODLAND, CA",Shooting,1
"WOODSIDE, CA",Ice Hockey,1
WORCESTER,Athletics,1
CHUSOVOY,Luge,1
CIECHOCIN,Rowing,1
WRIEZEN,Rowing,1
WUHAI,Athletics,1
WUHAN,Artistic Swimming,1
WUZHOU,Diving,1
CIENFUEGOS,Boxing,1
XIANGYANG,Swimming,1
CIMAHI,Badminton,1
XINJIANG,Archery,1
XINJIANG,Wrestling,1
XITIANWEI,Shooting,1
XUZHOU,Artistic Gymnastics,1
"CINCINATTI, OH",Volleyball,1
CIPO,Football,1
CITTADELLA,Volleyball,1
YACHIYO,Sport Climbing,1
CITTIGLIO,Rowing,1
YAMAGUCHI,Table Tennis,1
YANBIAN,Short Track Speed Skating,1
YANCHENG,Rhythmic Gymnastics,1
YANGYANG,Shooting,1
YANTAI,Athletics,1
YANTAI,Fencing,1
YANTAI,Shooting,1
CIVITANOVA MARCHE,Athletics,1
YAROSLAVL,Freestyle Skiing,1
YAROSLAVL,Ice Hockey,1
YAROSLAVL,Shooting,1
YEKATERINBURG,Rhythmic Gymnastics,1
YEKATERINBURG,Swimming,1
YELIZOVO,Cross-Country Skiing,1
YEOSU-SI,Short Track Speed Skating,1
CLAMART,Basketball,1
YEREVAN,Wrestling,1
"CLAYTON, VIC",Athletics,1
YICHANG,Swimming,1
YICHANG,Weightlifting,1
YICHUN,Speed Skating,1
YILAN,Artistic Gymnastics,1
YILAN,Table Tennis,1
YIYANG,Weightlifting,1
CLERMONT-FERRAND,Figure Skating,1
YOKOHAMA,Baseball/Softball,1
YOKOHAMA,Basketball,1
YOKOHAMA,Swimming,1
YONAGO,Boxing,1
YONGZHOU,Weightlifting,1
"YONKERS, NY",Snowboard,1
"YORBA LINDA, CA",Water Polo,1
YORK,Curling,1
YORK,Triathlon,1
CLES,Athletics,1
YOZGAT,Wrestling,1
YUEYANG,Wrestling,1
YUMBO,Weightlifting,1
YUNNAN,Canoe Sprint,1
YUNNAN,Diving,1
ZAANSTAD,Rowing,1
ZACATECAS,Football,1
ZAGREB,Artistic Gymnastics,1
ZAGREB,Athletics,1
ZAGREB,Ice Hockey,1
COLCHESTER,Athletics,1
ZAGREB,Tennis,1
COLCHESTER,Boxing,1
ZAMBOANGA,Boxing,1
ZAMBOANGA,Weightlifting,1
ZAMORA,Football,1
ZAOZHUANG,Rowing,1
ZAPOPAN,Diving,1
AALESUND,Alpine Skiing,1
ZILINA,Ice Hockey,1
ZOETERMEER,Cycling Track,1
ZOETERMEER,Short Track Speed Skating,1
ZRENJANIN,Basketball,1
ZRENJANIN,Volleyball,1
ZSCHOPAU,Athletics,1
ZSCHOPAU,Bobsleigh,1
ZSCHOPAU,Skeleton,1
ZUMAYA,Handball,1
ZURICH,Beach Volleyball,1
ZURICH,Tennis,1
ZURICH,Triathlon,1
COLOGNE,Football,1
ZWOLLE,Cycling BMX Racing,1
"ABBEVILLE, MS",Athletics,1
COMPIEGNE,Shooting,1
ADDIS ABABA,Athletics,1
"ADDISON, IL",Figure Skating,1
CONSELHEIRO LAFAIETE,Volleyball,1
"ADELAIDE, SA",Basketball,1
"ADELAIDE, SA",Cycling Road,1
"CONWAY, AR",Shooting,1
AGEN,Basketball,1
AGUASCALIENTES,Football,1
AHOME,Football,1
AILINGEN,Football,1
AISAI,Baseball/Softball,1
"CONYERS, GA",Baseball/Softball,1
AIX EN PROVENCE,Swimming,1
"AJAX, ON",Football,1
ABIDJAN,Taekwondo,1
